[12:04:17] [Datafixer Bootstrap/INFO]: 237 Datafixer optimizations took 590 milliseconds
[12:04:51] [Render thread/ERROR]: Can't open the resource index file: assets\indexes\16.json
[12:04:52] [Render thread/INFO]: Environment: Environment[sessionHost=https://sessionserver.mojang.com, servicesHost=https://api.minecraftservices.com, name=PROD]
[12:04:52] [Render thread/INFO]: Setting user: Player819
[12:04:53] [Render thread/INFO]: Backend library: LWJGL version 3.3.3+5
[12:04:54] [Render thread/ERROR]: Couldn't set icon
java.io.FileNotFoundException: icons/icon_16x16.png
	at com.mojang.blaze3d.platform.IconSet.getFile(IconSet.java:42) ~[main/:?]
	at com.mojang.blaze3d.platform.IconSet.getStandardIcons(IconSet.java:26) ~[main/:?]
	at com.mojang.blaze3d.platform.Window.setIcon(Window.java:158) ~[main/:?]
	at net.minecraft.client.Minecraft.<init>(Minecraft.java:480) [main/:?]
	at net.minecraft.client.main.Main.main(Main.java:222) [main/:?]
	at mcp.client.Start.main(Start.java:17) [main/:?]
[12:05:01] [Render thread/INFO]: Reloading ResourceManager: vanilla
[12:05:03] [Render thread/WARN]: Missing sound for event: minecraft:entity.allay.ambient_with_item
[12:05:03] [Render thread/WARN]: Missing sound for event: minecraft:entity.allay.ambient_without_item
[12:05:03] [Render thread/WARN]: Missing sound for event: minecraft:entity.allay.death
[12:05:03] [Render thread/WARN]: Missing sound for event: minecraft:entity.allay.hurt
[12:05:03] [Render thread/WARN]: Missing sound for event: minecraft:entity.allay.item_given
[12:05:03] [Render thread/WARN]: Missing sound for event: minecraft:entity.allay.item_taken
[12:05:03] [Render thread/WARN]: Missing sound for event: minecraft:entity.allay.item_thrown
[12:05:03] [Render thread/WARN]: Missing sound for event: minecraft:ambient.cave
[12:05:03] [Render thread/WARN]: Missing sound for event: minecraft:ambient.basalt_deltas.additions
[12:05:03] [Render thread/WARN]: Missing sound for event: minecraft:ambient.basalt_deltas.loop
[12:05:03] [Render thread/WARN]: Missing sound for event: minecraft:ambient.basalt_deltas.mood
[12:05:03] [Render thread/WARN]: Missing sound for event: minecraft:ambient.crimson_forest.additions
[12:05:03] [Render thread/WARN]: Missing sound for event: minecraft:ambient.crimson_forest.loop
[12:05:03] [Render thread/WARN]: Missing sound for event: minecraft:ambient.crimson_forest.mood
[12:05:03] [Render thread/WARN]: Missing sound for event: minecraft:ambient.nether_wastes.additions
[12:05:03] [Render thread/WARN]: Missing sound for event: minecraft:ambient.nether_wastes.loop
[12:05:03] [Render thread/WARN]: Missing sound for event: minecraft:ambient.nether_wastes.mood
[12:05:03] [Render thread/WARN]: Missing sound for event: minecraft:ambient.soul_sand_valley.additions
[12:05:03] [Render thread/WARN]: Missing sound for event: minecraft:ambient.soul_sand_valley.loop
[12:05:03] [Render thread/WARN]: Missing sound for event: minecraft:ambient.soul_sand_valley.mood
[12:05:03] [Render thread/WARN]: Missing sound for event: minecraft:ambient.warped_forest.additions
[12:05:03] [Render thread/WARN]: Missing sound for event: minecraft:ambient.warped_forest.loop
[12:05:03] [Render thread/WARN]: Missing sound for event: minecraft:ambient.warped_forest.mood
[12:05:03] [Render thread/WARN]: Missing sound for event: minecraft:ambient.underwater.enter
[12:05:03] [Render thread/WARN]: Missing sound for event: minecraft:ambient.underwater.exit
[12:05:03] [Render thread/WARN]: Missing sound for event: minecraft:ambient.underwater.loop
[12:05:03] [Render thread/WARN]: Missing sound for event: minecraft:ambient.underwater.loop.additions
[12:05:03] [Render thread/WARN]: Missing sound for event: minecraft:ambient.underwater.loop.additions.rare
[12:05:03] [Render thread/WARN]: Missing sound for event: minecraft:ambient.underwater.loop.additions.ultra_rare
[12:05:03] [Render thread/WARN]: Missing sound for event: minecraft:block.amethyst_block.break
[12:05:03] [Render thread/WARN]: Missing sound for event: minecraft:block.amethyst_block.chime
[12:05:03] [Render thread/WARN]: Missing sound for event: minecraft:block.amethyst_block.fall
[12:05:03] [Render thread/WARN]: Missing sound for event: minecraft:block.amethyst_block.hit
[12:05:03] [Render thread/WARN]: Missing sound for event: minecraft:block.amethyst_block.place
[12:05:03] [Render thread/WARN]: Missing sound for event: minecraft:block.amethyst_block.resonate
[12:05:03] [Render thread/WARN]: Missing sound for event: minecraft:block.amethyst_block.step
[12:05:03] [Render thread/WARN]: Missing sound for event: minecraft:block.amethyst_cluster.break
[12:05:03] [Render thread/WARN]: Missing sound for event: minecraft:block.amethyst_cluster.fall
[12:05:03] [Render thread/WARN]: Missing sound for event: minecraft:block.amethyst_cluster.hit
[12:05:03] [Render thread/WARN]: Missing sound for event: minecraft:block.amethyst_cluster.place
[12:05:03] [Render thread/WARN]: Missing sound for event: minecraft:block.amethyst_cluster.step
[12:05:03] [Render thread/WARN]: Missing sound for event: minecraft:block.ancient_debris.break
[12:05:03] [Render thread/WARN]: Missing sound for event: minecraft:block.ancient_debris.step
[12:05:03] [Render thread/WARN]: Missing sound for event: minecraft:block.ancient_debris.place
[12:05:03] [Render thread/WARN]: Missing sound for event: minecraft:block.ancient_debris.hit
[12:05:03] [Render thread/WARN]: Missing sound for event: minecraft:block.ancient_debris.fall
[12:05:03] [Render thread/WARN]: Missing sound for event: minecraft:block.anvil.break
[12:05:03] [Render thread/WARN]: Missing sound for event: minecraft:block.anvil.destroy
[12:05:03] [Render thread/WARN]: Missing sound for event: minecraft:block.anvil.fall
[12:05:03] [Render thread/WARN]: Missing sound for event: minecraft:block.anvil.hit
[12:05:03] [Render thread/WARN]: Missing sound for event: minecraft:block.anvil.land
[12:05:03] [Render thread/WARN]: Missing sound for event: minecraft:block.anvil.place
[12:05:03] [Render thread/WARN]: Missing sound for event: minecraft:block.anvil.step
[12:05:03] [Render thread/WARN]: Missing sound for event: minecraft:block.anvil.use
[12:05:03] [Render thread/WARN]: Missing sound for event: minecraft:entity.armadillo.eat
[12:05:03] [Render thread/WARN]: Missing sound for event: minecraft:entity.armadillo.hurt
[12:05:03] [Render thread/WARN]: Missing sound for event: minecraft:entity.armadillo.hurt_reduced
[12:05:03] [Render thread/WARN]: Missing sound for event: minecraft:entity.armadillo.ambient
[12:05:03] [Render thread/WARN]: Missing sound for event: minecraft:entity.armadillo.step
[12:05:03] [Render thread/WARN]: Missing sound for event: minecraft:entity.armadillo.death
[12:05:03] [Render thread/WARN]: Missing sound for event: minecraft:entity.armadillo.roll
[12:05:03] [Render thread/WARN]: Missing sound for event: minecraft:entity.armadillo.land
[12:05:03] [Render thread/WARN]: Missing sound for event: minecraft:entity.armadillo.scute_drop
[12:05:03] [Render thread/WARN]: Missing sound for event: minecraft:entity.armadillo.unroll_finish
[12:05:03] [Render thread/WARN]: Missing sound for event: minecraft:entity.armadillo.peek
[12:05:03] [Render thread/WARN]: Missing sound for event: minecraft:entity.armadillo.unroll_start
[12:05:03] [Render thread/WARN]: Missing sound for event: minecraft:entity.armadillo.brush
[12:05:03] [Render thread/WARN]: Missing sound for event: minecraft:item.armor.equip_chain
[12:05:03] [Render thread/WARN]: Missing sound for event: minecraft:item.armor.equip_diamond
[12:05:03] [Render thread/WARN]: Missing sound for event: minecraft:item.armor.equip_elytra
[12:05:03] [Render thread/WARN]: Missing sound for event: minecraft:item.armor.equip_generic
[12:05:03] [Render thread/WARN]: Missing sound for event: minecraft:item.armor.equip_gold
[12:05:03] [Render thread/WARN]: Missing sound for event: minecraft:item.armor.equip_iron
[12:05:03] [Render thread/WARN]: Missing sound for event: minecraft:item.armor.equip_leather
[12:05:03] [Render thread/WARN]: Missing sound for event: minecraft:item.armor.equip_netherite
[12:05:03] [Render thread/WARN]: Missing sound for event: minecraft:item.armor.equip_turtle
[12:05:03] [Render thread/WARN]: Missing sound for event: minecraft:item.armor.equip_wolf
[12:05:03] [Render thread/WARN]: Missing sound for event: minecraft:item.armor.unequip_wolf
[12:05:03] [Render thread/WARN]: Missing sound for event: minecraft:entity.armor_stand.break
[12:05:03] [Render thread/WARN]: Missing sound for event: minecraft:entity.armor_stand.fall
[12:05:03] [Render thread/WARN]: Missing sound for event: minecraft:entity.armor_stand.hit
[12:05:03] [Render thread/WARN]: Missing sound for event: minecraft:entity.armor_stand.place
[12:05:03] [Render thread/WARN]: Missing sound for event: minecraft:entity.arrow.hit
[12:05:03] [Render thread/WARN]: Missing sound for event: minecraft:entity.arrow.hit_player
[12:05:03] [Render thread/WARN]: Missing sound for event: minecraft:entity.arrow.shoot
[12:05:03] [Render thread/WARN]: Missing sound for event: minecraft:item.axe.strip
[12:05:03] [Render thread/WARN]: Missing sound for event: minecraft:item.axe.scrape
[12:05:03] [Render thread/WARN]: Missing sound for event: minecraft:item.axe.wax_off
[12:05:03] [Render thread/WARN]: Missing sound for event: minecraft:entity.axolotl.attack
[12:05:03] [Render thread/WARN]: Missing sound for event: minecraft:entity.axolotl.death
[12:05:03] [Render thread/WARN]: Missing sound for event: minecraft:entity.axolotl.hurt
[12:05:03] [Render thread/WARN]: Missing sound for event: minecraft:entity.axolotl.idle_air
[12:05:03] [Render thread/WARN]: Missing sound for event: minecraft:entity.axolotl.idle_water
[12:05:03] [Render thread/WARN]: Missing sound for event: minecraft:entity.axolotl.splash
[12:05:03] [Render thread/WARN]: Missing sound for event: minecraft:entity.axolotl.swim
[12:05:03] [Render thread/WARN]: Missing sound for event: minecraft:block.azalea.break
[12:05:03] [Render thread/WARN]: Missing sound for event: minecraft:block.azalea.fall
[12:05:03] [Render thread/WARN]: Missing sound for event: minecraft:block.azalea.hit
[12:05:03] [Render thread/WARN]: Missing sound for event: minecraft:block.azalea.place
[12:05:03] [Render thread/WARN]: Missing sound for event: minecraft:block.azalea.step
[12:05:03] [Render thread/WARN]: Missing sound for event: minecraft:block.azalea_leaves.break
[12:05:03] [Render thread/WARN]: Missing sound for event: minecraft:block.azalea_leaves.fall
[12:05:03] [Render thread/WARN]: Missing sound for event: minecraft:block.azalea_leaves.hit
[12:05:03] [Render thread/WARN]: Missing sound for event: minecraft:block.azalea_leaves.place
[12:05:03] [Render thread/WARN]: Missing sound for event: minecraft:block.azalea_leaves.step
[12:05:03] [Render thread/WARN]: Missing sound for event: minecraft:block.bamboo.break
[12:05:03] [Render thread/WARN]: Missing sound for event: minecraft:block.bamboo.fall
[12:05:03] [Render thread/WARN]: Missing sound for event: minecraft:block.bamboo.hit
[12:05:03] [Render thread/WARN]: Missing sound for event: minecraft:block.bamboo.place
[12:05:03] [Render thread/WARN]: Missing sound for event: minecraft:block.bamboo.step
[12:05:03] [Render thread/WARN]: Missing sound for event: minecraft:block.bamboo_sapling.break
[12:05:03] [Render thread/WARN]: Missing sound for event: minecraft:block.bamboo_sapling.hit
[12:05:03] [Render thread/WARN]: Missing sound for event: minecraft:block.bamboo_sapling.place
[12:05:03] [Render thread/WARN]: Missing sound for event: minecraft:block.bamboo_wood.break
[12:05:03] [Render thread/WARN]: Missing sound for event: minecraft:block.bamboo_wood.fall
[12:05:03] [Render thread/WARN]: Missing sound for event: minecraft:block.bamboo_wood.hit
[12:05:03] [Render thread/WARN]: Missing sound for event: minecraft:block.bamboo_wood.place
[12:05:03] [Render thread/WARN]: Missing sound for event: minecraft:block.bamboo_wood.step
[12:05:03] [Render thread/WARN]: Missing sound for event: minecraft:block.bamboo_wood_door.close
[12:05:03] [Render thread/WARN]: Missing sound for event: minecraft:block.bamboo_wood_door.open
[12:05:03] [Render thread/WARN]: Missing sound for event: minecraft:block.bamboo_wood_trapdoor.close
[12:05:03] [Render thread/WARN]: Missing sound for event: minecraft:block.bamboo_wood_trapdoor.open
[12:05:03] [Render thread/WARN]: Missing sound for event: minecraft:block.bamboo_wood_button.click_off
[12:05:03] [Render thread/WARN]: Missing sound for event: minecraft:block.bamboo_wood_button.click_on
[12:05:03] [Render thread/WARN]: Missing sound for event: minecraft:block.bamboo_wood_pressure_plate.click_off
[12:05:03] [Render thread/WARN]: Missing sound for event: minecraft:block.bamboo_wood_pressure_plate.click_on
[12:05:03] [Render thread/WARN]: Missing sound for event: minecraft:block.bamboo_wood_fence_gate.close
[12:05:03] [Render thread/WARN]: Missing sound for event: minecraft:block.bamboo_wood_fence_gate.open
[12:05:03] [Render thread/WARN]: Missing sound for event: minecraft:block.barrel.close
[12:05:03] [Render thread/WARN]: Missing sound for event: minecraft:block.barrel.open
[12:05:03] [Render thread/WARN]: Missing sound for event: minecraft:block.basalt.break
[12:05:03] [Render thread/WARN]: Missing sound for event: minecraft:block.basalt.step
[12:05:03] [Render thread/WARN]: Missing sound for event: minecraft:block.basalt.place
[12:05:03] [Render thread/WARN]: Missing sound for event: minecraft:block.basalt.hit
[12:05:03] [Render thread/WARN]: Missing sound for event: minecraft:block.basalt.fall
[12:05:03] [Render thread/WARN]: Missing sound for event: minecraft:entity.bat.ambient
[12:05:03] [Render thread/WARN]: Missing sound for event: minecraft:entity.bat.death
[12:05:03] [Render thread/WARN]: Missing sound for event: minecraft:entity.bat.hurt
[12:05:03] [Render thread/WARN]: Missing sound for event: minecraft:entity.bat.loop
[12:05:03] [Render thread/WARN]: Missing sound for event: minecraft:entity.bat.takeoff
[12:05:03] [Render thread/WARN]: Missing sound for event: minecraft:block.beacon.activate
[12:05:03] [Render thread/WARN]: Missing sound for event: minecraft:block.beacon.ambient
[12:05:03] [Render thread/WARN]: Missing sound for event: minecraft:block.beacon.deactivate
[12:05:03] [Render thread/WARN]: Missing sound for event: minecraft:block.beacon.power_select
[12:05:03] [Render thread/WARN]: Missing sound for event: minecraft:entity.bee.death
[12:05:03] [Render thread/WARN]: Missing sound for event: minecraft:entity.bee.hurt
[12:05:03] [Render thread/WARN]: Missing sound for event: minecraft:entity.bee.loop_aggressive
[12:05:03] [Render thread/WARN]: Missing sound for event: minecraft:entity.bee.loop
[12:05:03] [Render thread/WARN]: Missing sound for event: minecraft:entity.bee.sting
[12:05:03] [Render thread/WARN]: Missing sound for event: minecraft:entity.bee.pollinate
[12:05:03] [Render thread/WARN]: Missing sound for event: minecraft:block.beehive.drip
[12:05:03] [Render thread/WARN]: Missing sound for event: minecraft:block.beehive.enter
[12:05:03] [Render thread/WARN]: Missing sound for event: minecraft:block.beehive.exit
[12:05:03] [Render thread/WARN]: Missing sound for event: minecraft:block.beehive.shear
[12:05:03] [Render thread/WARN]: Missing sound for event: minecraft:block.beehive.work
[12:05:03] [Render thread/WARN]: Missing sound for event: minecraft:block.bell.use
[12:05:03] [Render thread/WARN]: Missing sound for event: minecraft:block.bell.resonate
[12:05:03] [Render thread/WARN]: Missing sound for event: minecraft:block.big_dripleaf.break
[12:05:03] [Render thread/WARN]: Missing sound for event: minecraft:block.big_dripleaf.fall
[12:05:03] [Render thread/WARN]: Missing sound for event: minecraft:block.big_dripleaf.hit
[12:05:03] [Render thread/WARN]: Missing sound for event: minecraft:block.big_dripleaf.place
[12:05:03] [Render thread/WARN]: Missing sound for event: minecraft:block.big_dripleaf.step
[12:05:03] [Render thread/WARN]: Missing sound for event: minecraft:entity.blaze.ambient
[12:05:03] [Render thread/WARN]: Missing sound for event: minecraft:entity.blaze.burn
[12:05:03] [Render thread/WARN]: Missing sound for event: minecraft:entity.blaze.death
[12:05:03] [Render thread/WARN]: Missing sound for event: minecraft:entity.blaze.hurt
[12:05:03] [Render thread/WARN]: Missing sound for event: minecraft:entity.blaze.shoot
[12:05:03] [Render thread/WARN]: Missing sound for event: minecraft:entity.boat.paddle_land
[12:05:03] [Render thread/WARN]: Missing sound for event: minecraft:entity.boat.paddle_water
[12:05:03] [Render thread/WARN]: Missing sound for event: minecraft:entity.bogged.ambient
[12:05:03] [Render thread/WARN]: Missing sound for event: minecraft:entity.bogged.death
[12:05:03] [Render thread/WARN]: Missing sound for event: minecraft:entity.bogged.hurt
[12:05:03] [Render thread/WARN]: Missing sound for event: minecraft:entity.bogged.shear
[12:05:03] [Render thread/WARN]: Missing sound for event: minecraft:entity.bogged.step
[12:05:03] [Render thread/WARN]: Missing sound for event: minecraft:block.bone_block.break
[12:05:03] [Render thread/WARN]: Missing sound for event: minecraft:block.bone_block.fall
[12:05:03] [Render thread/WARN]: Missing sound for event: minecraft:block.bone_block.hit
[12:05:03] [Render thread/WARN]: Missing sound for event: minecraft:block.bone_block.place
[12:05:03] [Render thread/WARN]: Missing sound for event: minecraft:block.bone_block.step
[12:05:03] [Render thread/WARN]: Missing sound for event: minecraft:item.bone_meal.use
[12:05:03] [Render thread/WARN]: Missing sound for event: minecraft:item.book.page_turn
[12:05:03] [Render thread/WARN]: Missing sound for event: minecraft:item.book.put
[12:05:03] [Render thread/WARN]: Missing sound for event: minecraft:block.blastfurnace.fire_crackle
[12:05:03] [Render thread/WARN]: Missing sound for event: minecraft:item.bottle.empty
[12:05:03] [Render thread/WARN]: Missing sound for event: minecraft:item.bottle.fill
[12:05:03] [Render thread/WARN]: Missing sound for event: minecraft:item.bottle.fill_dragonbreath
[12:05:03] [Render thread/WARN]: Missing sound for event: minecraft:entity.breeze.charge
[12:05:03] [Render thread/WARN]: Missing sound for event: minecraft:entity.breeze.deflect
[12:05:03] [Render thread/WARN]: Missing sound for event: minecraft:entity.breeze.inhale
[12:05:03] [Render thread/WARN]: Missing sound for event: minecraft:entity.breeze.idle_ground
[12:05:03] [Render thread/WARN]: Missing sound for event: minecraft:entity.breeze.idle_air
[12:05:03] [Render thread/WARN]: Missing sound for event: minecraft:entity.breeze.shoot
[12:05:03] [Render thread/WARN]: Missing sound for event: minecraft:entity.breeze.jump
[12:05:03] [Render thread/WARN]: Missing sound for event: minecraft:entity.breeze.land
[12:05:03] [Render thread/WARN]: Missing sound for event: minecraft:entity.breeze.slide
[12:05:03] [Render thread/WARN]: Missing sound for event: minecraft:entity.breeze.death
[12:05:03] [Render thread/WARN]: Missing sound for event: minecraft:entity.breeze.hurt
[12:05:03] [Render thread/WARN]: Missing sound for event: minecraft:entity.breeze.whirl
[12:05:03] [Render thread/WARN]: Missing sound for event: minecraft:entity.breeze.wind_burst
[12:05:03] [Render thread/WARN]: Missing sound for event: minecraft:block.brewing_stand.brew
[12:05:03] [Render thread/WARN]: Missing sound for event: minecraft:item.brush.brushing.generic
[12:05:03] [Render thread/WARN]: Missing sound for event: minecraft:item.brush.brushing.sand
[12:05:03] [Render thread/WARN]: Missing sound for event: minecraft:item.brush.brushing.gravel
[12:05:03] [Render thread/WARN]: Missing sound for event: minecraft:item.brush.brushing.sand.complete
[12:05:03] [Render thread/WARN]: Missing sound for event: minecraft:item.brush.brushing.gravel.complete
[12:05:03] [Render thread/WARN]: Missing sound for event: minecraft:block.bubble_column.bubble_pop
[12:05:03] [Render thread/WARN]: Missing sound for event: minecraft:block.bubble_column.upwards_ambient
[12:05:03] [Render thread/WARN]: Missing sound for event: minecraft:block.bubble_column.upwards_inside
[12:05:03] [Render thread/WARN]: Missing sound for event: minecraft:block.bubble_column.whirlpool_ambient
[12:05:03] [Render thread/WARN]: Missing sound for event: minecraft:block.bubble_column.whirlpool_inside
[12:05:03] [Render thread/WARN]: Missing sound for event: minecraft:ui.hud.bubble_pop
[12:05:03] [Render thread/WARN]: Missing sound for event: minecraft:item.bucket.empty
[12:05:03] [Render thread/WARN]: Missing sound for event: minecraft:item.bucket.empty_axolotl
[12:05:03] [Render thread/WARN]: Missing sound for event: minecraft:item.bucket.empty_fish
[12:05:03] [Render thread/WARN]: Missing sound for event: minecraft:item.bucket.empty_lava
[12:05:03] [Render thread/WARN]: Missing sound for event: minecraft:item.bucket.empty_powder_snow
[12:05:03] [Render thread/WARN]: Missing sound for event: minecraft:item.bucket.empty_tadpole
[12:05:03] [Render thread/WARN]: Missing sound for event: minecraft:item.bucket.fill
[12:05:03] [Render thread/WARN]: Missing sound for event: minecraft:item.bucket.fill_axolotl
[12:05:03] [Render thread/WARN]: Missing sound for event: minecraft:item.bucket.fill_fish
[12:05:03] [Render thread/WARN]: Missing sound for event: minecraft:item.bucket.fill_lava
[12:05:03] [Render thread/WARN]: Missing sound for event: minecraft:item.bucket.fill_powder_snow
[12:05:03] [Render thread/WARN]: Missing sound for event: minecraft:item.bucket.fill_tadpole
[12:05:03] [Render thread/WARN]: Missing sound for event: minecraft:item.bundle.drop_contents
[12:05:03] [Render thread/WARN]: Missing sound for event: minecraft:item.bundle.insert
[12:05:03] [Render thread/WARN]: Missing sound for event: minecraft:item.bundle.insert_fail
[12:05:03] [Render thread/WARN]: Missing sound for event: minecraft:item.bundle.remove_one
[12:05:03] [Render thread/WARN]: Missing sound for event: minecraft:block.cake.add_candle
[12:05:03] [Render thread/WARN]: Missing sound for event: minecraft:block.calcite.break
[12:05:03] [Render thread/WARN]: Missing sound for event: minecraft:block.calcite.step
[12:05:03] [Render thread/WARN]: Missing sound for event: minecraft:block.calcite.place
[12:05:03] [Render thread/WARN]: Missing sound for event: minecraft:block.calcite.hit
[12:05:03] [Render thread/WARN]: Missing sound for event: minecraft:block.calcite.fall
[12:05:03] [Render thread/WARN]: Missing sound for event: minecraft:entity.camel.ambient
[12:05:03] [Render thread/WARN]: Missing sound for event: minecraft:entity.camel.dash
[12:05:03] [Render thread/WARN]: Missing sound for event: minecraft:entity.camel.dash_ready
[12:05:03] [Render thread/WARN]: Missing sound for event: minecraft:entity.camel.death
[12:05:03] [Render thread/WARN]: Missing sound for event: minecraft:entity.camel.eat
[12:05:03] [Render thread/WARN]: Missing sound for event: minecraft:entity.camel.hurt
[12:05:03] [Render thread/WARN]: Missing sound for event: minecraft:entity.camel.saddle
[12:05:03] [Render thread/WARN]: Missing sound for event: minecraft:entity.camel.sit
[12:05:03] [Render thread/WARN]: Missing sound for event: minecraft:entity.camel.stand
[12:05:03] [Render thread/WARN]: Missing sound for event: minecraft:entity.camel.step
[12:05:03] [Render thread/WARN]: Missing sound for event: minecraft:entity.camel.step_sand
[12:05:03] [Render thread/WARN]: Missing sound for event: minecraft:block.campfire.crackle
[12:05:03] [Render thread/WARN]: Missing sound for event: minecraft:block.candle.ambient
[12:05:03] [Render thread/WARN]: Missing sound for event: minecraft:block.candle.break
[12:05:03] [Render thread/WARN]: Missing sound for event: minecraft:block.candle.extinguish
[12:05:03] [Render thread/WARN]: Missing sound for event: minecraft:block.candle.fall
[12:05:03] [Render thread/WARN]: Missing sound for event: minecraft:block.candle.hit
[12:05:03] [Render thread/WARN]: Missing sound for event: minecraft:block.candle.place
[12:05:03] [Render thread/WARN]: Missing sound for event: minecraft:block.candle.step
[12:05:03] [Render thread/WARN]: Missing sound for event: minecraft:entity.cat.ambient
[12:05:03] [Render thread/WARN]: Missing sound for event: minecraft:entity.cat.stray_ambient
[12:05:03] [Render thread/WARN]: Missing sound for event: minecraft:entity.cat.death
[12:05:03] [Render thread/WARN]: Missing sound for event: minecraft:entity.cat.eat
[12:05:03] [Render thread/WARN]: Missing sound for event: minecraft:entity.cat.hiss
[12:05:03] [Render thread/WARN]: Missing sound for event: minecraft:entity.cat.beg_for_food
[12:05:03] [Render thread/WARN]: Missing sound for event: minecraft:entity.cat.hurt
[12:05:03] [Render thread/WARN]: Missing sound for event: minecraft:entity.cat.purr
[12:05:03] [Render thread/WARN]: Missing sound for event: minecraft:entity.cat.purreow
[12:05:03] [Render thread/WARN]: Missing sound for event: minecraft:block.cave_vines.break
[12:05:03] [Render thread/WARN]: Missing sound for event: minecraft:block.cave_vines.fall
[12:05:03] [Render thread/WARN]: Missing sound for event: minecraft:block.cave_vines.hit
[12:05:03] [Render thread/WARN]: Missing sound for event: minecraft:block.cave_vines.place
[12:05:03] [Render thread/WARN]: Missing sound for event: minecraft:block.cave_vines.step
[12:05:03] [Render thread/WARN]: Missing sound for event: minecraft:block.cave_vines.pick_berries
[12:05:03] [Render thread/WARN]: Missing sound for event: minecraft:block.chain.break
[12:05:03] [Render thread/WARN]: Missing sound for event: minecraft:block.chain.fall
[12:05:03] [Render thread/WARN]: Missing sound for event: minecraft:block.chain.hit
[12:05:03] [Render thread/WARN]: Missing sound for event: minecraft:block.chain.place
[12:05:03] [Render thread/WARN]: Missing sound for event: minecraft:block.chain.step
[12:05:03] [Render thread/WARN]: Missing sound for event: minecraft:block.cherry_wood.break
[12:05:03] [Render thread/WARN]: Missing sound for event: minecraft:block.cherry_wood.fall
[12:05:03] [Render thread/WARN]: Missing sound for event: minecraft:block.cherry_wood.hit
[12:05:03] [Render thread/WARN]: Missing sound for event: minecraft:block.cherry_wood.place
[12:05:03] [Render thread/WARN]: Missing sound for event: minecraft:block.cherry_wood.step
[12:05:03] [Render thread/WARN]: Missing sound for event: minecraft:block.cherry_sapling.break
[12:05:03] [Render thread/WARN]: Missing sound for event: minecraft:block.cherry_sapling.fall
[12:05:03] [Render thread/WARN]: Missing sound for event: minecraft:block.cherry_sapling.hit
[12:05:03] [Render thread/WARN]: Missing sound for event: minecraft:block.cherry_sapling.place
[12:05:03] [Render thread/WARN]: Missing sound for event: minecraft:block.cherry_sapling.step
[12:05:03] [Render thread/WARN]: Missing sound for event: minecraft:block.cherry_leaves.break
[12:05:03] [Render thread/WARN]: Missing sound for event: minecraft:block.cherry_leaves.fall
[12:05:03] [Render thread/WARN]: Missing sound for event: minecraft:block.cherry_leaves.hit
[12:05:03] [Render thread/WARN]: Missing sound for event: minecraft:block.cherry_leaves.place
[12:05:03] [Render thread/WARN]: Missing sound for event: minecraft:block.cherry_leaves.step
[12:05:03] [Render thread/WARN]: Missing sound for event: minecraft:block.cherry_wood_hanging_sign.step
[12:05:03] [Render thread/WARN]: Missing sound for event: minecraft:block.cherry_wood_hanging_sign.break
[12:05:03] [Render thread/WARN]: Missing sound for event: minecraft:block.cherry_wood_hanging_sign.fall
[12:05:03] [Render thread/WARN]: Missing sound for event: minecraft:block.cherry_wood_hanging_sign.hit
[12:05:03] [Render thread/WARN]: Missing sound for event: minecraft:block.cherry_wood_hanging_sign.place
[12:05:03] [Render thread/WARN]: Missing sound for event: minecraft:block.cherry_wood_door.close
[12:05:03] [Render thread/WARN]: Missing sound for event: minecraft:block.cherry_wood_door.open
[12:05:03] [Render thread/WARN]: Missing sound for event: minecraft:block.cherry_wood_trapdoor.close
[12:05:03] [Render thread/WARN]: Missing sound for event: minecraft:block.cherry_wood_trapdoor.open
[12:05:03] [Render thread/WARN]: Missing sound for event: minecraft:block.cherry_wood_button.click_off
[12:05:03] [Render thread/WARN]: Missing sound for event: minecraft:block.cherry_wood_button.click_on
[12:05:03] [Render thread/WARN]: Missing sound for event: minecraft:block.cherry_wood_pressure_plate.click_off
[12:05:03] [Render thread/WARN]: Missing sound for event: minecraft:block.cherry_wood_pressure_plate.click_on
[12:05:03] [Render thread/WARN]: Missing sound for event: minecraft:block.cherry_wood_fence_gate.close
[12:05:03] [Render thread/WARN]: Missing sound for event: minecraft:block.cherry_wood_fence_gate.open
[12:05:03] [Render thread/WARN]: Missing sound for event: minecraft:block.chest.close
[12:05:03] [Render thread/WARN]: Missing sound for event: minecraft:block.chest.locked
[12:05:03] [Render thread/WARN]: Missing sound for event: minecraft:block.chest.open
[12:05:03] [Render thread/WARN]: Missing sound for event: minecraft:entity.chicken.ambient
[12:05:03] [Render thread/WARN]: Missing sound for event: minecraft:entity.chicken.death
[12:05:03] [Render thread/WARN]: Missing sound for event: minecraft:entity.chicken.egg
[12:05:03] [Render thread/WARN]: Missing sound for event: minecraft:entity.chicken.hurt
[12:05:03] [Render thread/WARN]: Missing sound for event: minecraft:entity.chicken.step
[12:05:03] [Render thread/WARN]: Missing sound for event: minecraft:block.chiseled_bookshelf.break
[12:05:03] [Render thread/WARN]: Missing sound for event: minecraft:block.chiseled_bookshelf.fall
[12:05:03] [Render thread/WARN]: Missing sound for event: minecraft:block.chiseled_bookshelf.hit
[12:05:03] [Render thread/WARN]: Missing sound for event: minecraft:block.chiseled_bookshelf.insert
[12:05:03] [Render thread/WARN]: Missing sound for event: minecraft:block.chiseled_bookshelf.insert.enchanted
[12:05:03] [Render thread/WARN]: Missing sound for event: minecraft:block.chiseled_bookshelf.step
[12:05:03] [Render thread/WARN]: Missing sound for event: minecraft:block.chiseled_bookshelf.pickup
[12:05:03] [Render thread/WARN]: Missing sound for event: minecraft:block.chiseled_bookshelf.pickup.enchanted
[12:05:03] [Render thread/WARN]: Missing sound for event: minecraft:block.chiseled_bookshelf.place
[12:05:03] [Render thread/WARN]: Missing sound for event: minecraft:block.chorus_flower.death
[12:05:03] [Render thread/WARN]: Missing sound for event: minecraft:block.chorus_flower.grow
[12:05:03] [Render thread/WARN]: Missing sound for event: minecraft:item.chorus_fruit.teleport
[12:05:03] [Render thread/WARN]: Missing sound for event: minecraft:block.cobweb.break
[12:05:03] [Render thread/WARN]: Missing sound for event: minecraft:block.cobweb.step
[12:05:03] [Render thread/WARN]: Missing sound for event: minecraft:block.cobweb.place
[12:05:03] [Render thread/WARN]: Missing sound for event: minecraft:block.cobweb.hit
[12:05:03] [Render thread/WARN]: Missing sound for event: minecraft:block.cobweb.fall
[12:05:03] [Render thread/WARN]: Missing sound for event: minecraft:entity.cod.ambient
[12:05:03] [Render thread/WARN]: Missing sound for event: minecraft:entity.cod.death
[12:05:03] [Render thread/WARN]: Missing sound for event: minecraft:entity.cod.flop
[12:05:03] [Render thread/WARN]: Missing sound for event: minecraft:entity.cod.hurt
[12:05:03] [Render thread/WARN]: Missing sound for event: minecraft:block.comparator.click
[12:05:03] [Render thread/WARN]: Missing sound for event: minecraft:block.composter.empty
[12:05:03] [Render thread/WARN]: Missing sound for event: minecraft:block.composter.fill
[12:05:03] [Render thread/WARN]: Missing sound for event: minecraft:block.composter.fill_success
[12:05:03] [Render thread/WARN]: Missing sound for event: minecraft:block.composter.ready
[12:05:03] [Render thread/WARN]: Missing sound for event: minecraft:block.conduit.activate
[12:05:03] [Render thread/WARN]: Missing sound for event: minecraft:block.conduit.ambient
[12:05:03] [Render thread/WARN]: Missing sound for event: minecraft:block.conduit.ambient.short
[12:05:03] [Render thread/WARN]: Missing sound for event: minecraft:block.conduit.attack.target
[12:05:03] [Render thread/WARN]: Missing sound for event: minecraft:block.conduit.deactivate
[12:05:03] [Render thread/WARN]: Missing sound for event: minecraft:block.copper_bulb.break
[12:05:03] [Render thread/WARN]: Missing sound for event: minecraft:block.copper_bulb.step
[12:05:03] [Render thread/WARN]: Missing sound for event: minecraft:block.copper_bulb.place
[12:05:03] [Render thread/WARN]: Missing sound for event: minecraft:block.copper_bulb.hit
[12:05:03] [Render thread/WARN]: Missing sound for event: minecraft:block.copper_bulb.fall
[12:05:03] [Render thread/WARN]: Missing sound for event: minecraft:block.copper_bulb.turn_on
[12:05:03] [Render thread/WARN]: Missing sound for event: minecraft:block.copper_bulb.turn_off
[12:05:03] [Render thread/WARN]: Missing sound for event: minecraft:block.copper.break
[12:05:03] [Render thread/WARN]: Missing sound for event: minecraft:block.copper.step
[12:05:03] [Render thread/WARN]: Missing sound for event: minecraft:block.copper.place
[12:05:03] [Render thread/WARN]: Missing sound for event: minecraft:block.copper.hit
[12:05:03] [Render thread/WARN]: Missing sound for event: minecraft:block.copper.fall
[12:05:03] [Render thread/WARN]: Missing sound for event: minecraft:block.copper_door.close
[12:05:03] [Render thread/WARN]: Missing sound for event: minecraft:block.copper_door.open
[12:05:03] [Render thread/WARN]: Missing sound for event: minecraft:block.copper_grate.break
[12:05:03] [Render thread/WARN]: Missing sound for event: minecraft:block.copper_grate.step
[12:05:03] [Render thread/WARN]: Missing sound for event: minecraft:block.copper_grate.place
[12:05:03] [Render thread/WARN]: Missing sound for event: minecraft:block.copper_grate.hit
[12:05:03] [Render thread/WARN]: Missing sound for event: minecraft:block.copper_grate.fall
[12:05:03] [Render thread/WARN]: Missing sound for event: minecraft:block.copper_trapdoor.close
[12:05:03] [Render thread/WARN]: Missing sound for event: minecraft:block.copper_trapdoor.open
[12:05:03] [Render thread/WARN]: Missing sound for event: minecraft:block.coral_block.break
[12:05:03] [Render thread/WARN]: Missing sound for event: minecraft:block.coral_block.fall
[12:05:03] [Render thread/WARN]: Missing sound for event: minecraft:block.coral_block.hit
[12:05:03] [Render thread/WARN]: Missing sound for event: minecraft:block.coral_block.place
[12:05:03] [Render thread/WARN]: Missing sound for event: minecraft:block.coral_block.step
[12:05:03] [Render thread/WARN]: Missing sound for event: minecraft:entity.cow.ambient
[12:05:03] [Render thread/WARN]: Missing sound for event: minecraft:entity.cow.death
[12:05:03] [Render thread/WARN]: Missing sound for event: minecraft:entity.cow.hurt
[12:05:03] [Render thread/WARN]: Missing sound for event: minecraft:entity.cow.milk
[12:05:03] [Render thread/WARN]: Missing sound for event: minecraft:entity.cow.step
[12:05:03] [Render thread/WARN]: Missing sound for event: minecraft:block.crafter.craft
[12:05:03] [Render thread/WARN]: Missing sound for event: minecraft:block.crafter.fail
[12:05:03] [Render thread/WARN]: Missing sound for event: minecraft:entity.creaking.ambient
[12:05:03] [Render thread/WARN]: Missing sound for event: minecraft:entity.creaking.activate
[12:05:03] [Render thread/WARN]: Missing sound for event: minecraft:entity.creaking.deactivate
[12:05:03] [Render thread/WARN]: Missing sound for event: minecraft:entity.creaking.attack
[12:05:03] [Render thread/WARN]: Missing sound for event: minecraft:entity.creaking.death
[12:05:03] [Render thread/WARN]: Missing sound for event: minecraft:entity.creaking.step
[12:05:03] [Render thread/WARN]: Missing sound for event: minecraft:entity.creaking.freeze
[12:05:03] [Render thread/WARN]: Missing sound for event: minecraft:entity.creaking.unfreeze
[12:05:03] [Render thread/WARN]: Missing sound for event: minecraft:entity.creaking.spawn
[12:05:03] [Render thread/WARN]: Missing sound for event: minecraft:entity.creaking.sway
[12:05:03] [Render thread/WARN]: Missing sound for event: minecraft:block.creaking_heart.break
[12:05:03] [Render thread/WARN]: Missing sound for event: minecraft:block.creaking_heart.fall
[12:05:03] [Render thread/WARN]: Missing sound for event: minecraft:block.creaking_heart.hit
[12:05:03] [Render thread/WARN]: Missing sound for event: minecraft:block.creaking_heart.hurt
[12:05:03] [Render thread/WARN]: Missing sound for event: minecraft:block.creaking_heart.place
[12:05:03] [Render thread/WARN]: Missing sound for event: minecraft:block.creaking_heart.step
[12:05:03] [Render thread/WARN]: Missing sound for event: minecraft:block.creaking_heart.idle
[12:05:03] [Render thread/WARN]: Missing sound for event: minecraft:block.creaking_heart.spawn
[12:05:03] [Render thread/WARN]: Missing sound for event: minecraft:entity.creeper.death
[12:05:03] [Render thread/WARN]: Missing sound for event: minecraft:entity.creeper.hurt
[12:05:03] [Render thread/WARN]: Missing sound for event: minecraft:entity.creeper.primed
[12:05:03] [Render thread/WARN]: Missing sound for event: minecraft:block.crop.break
[12:05:03] [Render thread/WARN]: Missing sound for event: minecraft:item.crop.plant
[12:05:03] [Render thread/WARN]: Missing sound for event: minecraft:item.crossbow.hit
[12:05:03] [Render thread/WARN]: Missing sound for event: minecraft:item.crossbow.loading_end
[12:05:03] [Render thread/WARN]: Missing sound for event: minecraft:item.crossbow.loading_middle
[12:05:03] [Render thread/WARN]: Missing sound for event: minecraft:item.crossbow.loading_start
[12:05:03] [Render thread/WARN]: Missing sound for event: minecraft:item.crossbow.quick_charge_1
[12:05:03] [Render thread/WARN]: Missing sound for event: minecraft:item.crossbow.quick_charge_2
[12:05:03] [Render thread/WARN]: Missing sound for event: minecraft:item.crossbow.quick_charge_3
[12:05:03] [Render thread/WARN]: Missing sound for event: minecraft:item.crossbow.shoot
[12:05:03] [Render thread/WARN]: Missing sound for event: minecraft:block.decorated_pot.break
[12:05:03] [Render thread/WARN]: Missing sound for event: minecraft:block.decorated_pot.fall
[12:05:03] [Render thread/WARN]: Missing sound for event: minecraft:block.decorated_pot.hit
[12:05:03] [Render thread/WARN]: Missing sound for event: minecraft:block.decorated_pot.insert
[12:05:03] [Render thread/WARN]: Missing sound for event: minecraft:block.decorated_pot.insert_fail
[12:05:03] [Render thread/WARN]: Missing sound for event: minecraft:block.decorated_pot.step
[12:05:03] [Render thread/WARN]: Missing sound for event: minecraft:block.decorated_pot.place
[12:05:03] [Render thread/WARN]: Missing sound for event: minecraft:block.decorated_pot.shatter
[12:05:03] [Render thread/WARN]: Missing sound for event: minecraft:block.deepslate_bricks.break
[12:05:03] [Render thread/WARN]: Missing sound for event: minecraft:block.deepslate_bricks.fall
[12:05:03] [Render thread/WARN]: Missing sound for event: minecraft:block.deepslate_bricks.hit
[12:05:03] [Render thread/WARN]: Missing sound for event: minecraft:block.deepslate_bricks.place
[12:05:03] [Render thread/WARN]: Missing sound for event: minecraft:block.deepslate_bricks.step
[12:05:03] [Render thread/WARN]: Missing sound for event: minecraft:block.deepslate.break
[12:05:03] [Render thread/WARN]: Missing sound for event: minecraft:block.deepslate.fall
[12:05:03] [Render thread/WARN]: Missing sound for event: minecraft:block.deepslate.hit
[12:05:03] [Render thread/WARN]: Missing sound for event: minecraft:block.deepslate.place
[12:05:03] [Render thread/WARN]: Missing sound for event: minecraft:block.deepslate.step
[12:05:03] [Render thread/WARN]: Missing sound for event: minecraft:block.deepslate_tiles.break
[12:05:03] [Render thread/WARN]: Missing sound for event: minecraft:block.deepslate_tiles.fall
[12:05:03] [Render thread/WARN]: Missing sound for event: minecraft:block.deepslate_tiles.hit
[12:05:03] [Render thread/WARN]: Missing sound for event: minecraft:block.deepslate_tiles.place
[12:05:03] [Render thread/WARN]: Missing sound for event: minecraft:block.deepslate_tiles.step
[12:05:03] [Render thread/WARN]: Missing sound for event: minecraft:block.dispenser.dispense
[12:05:03] [Render thread/WARN]: Missing sound for event: minecraft:block.dispenser.fail
[12:05:03] [Render thread/WARN]: Missing sound for event: minecraft:block.dispenser.launch
[12:05:03] [Render thread/WARN]: Missing sound for event: minecraft:entity.dolphin.ambient
[12:05:03] [Render thread/WARN]: Missing sound for event: minecraft:entity.dolphin.ambient_water
[12:05:03] [Render thread/WARN]: Missing sound for event: minecraft:entity.dolphin.attack
[12:05:03] [Render thread/WARN]: Missing sound for event: minecraft:entity.dolphin.death
[12:05:03] [Render thread/WARN]: Missing sound for event: minecraft:entity.dolphin.eat
[12:05:03] [Render thread/WARN]: Missing sound for event: minecraft:entity.dolphin.hurt
[12:05:03] [Render thread/WARN]: Missing sound for event: minecraft:entity.dolphin.jump
[12:05:03] [Render thread/WARN]: Missing sound for event: minecraft:entity.dolphin.play
[12:05:03] [Render thread/WARN]: Missing sound for event: minecraft:entity.dolphin.splash
[12:05:03] [Render thread/WARN]: Missing sound for event: minecraft:entity.dolphin.swim
[12:05:03] [Render thread/WARN]: Missing sound for event: minecraft:entity.donkey.ambient
[12:05:03] [Render thread/WARN]: Missing sound for event: minecraft:entity.donkey.angry
[12:05:03] [Render thread/WARN]: Missing sound for event: minecraft:entity.donkey.chest
[12:05:03] [Render thread/WARN]: Missing sound for event: minecraft:entity.donkey.death
[12:05:03] [Render thread/WARN]: Missing sound for event: minecraft:entity.donkey.eat
[12:05:03] [Render thread/WARN]: Missing sound for event: minecraft:entity.donkey.hurt
[12:05:03] [Render thread/WARN]: Missing sound for event: minecraft:entity.donkey.jump
[12:05:03] [Render thread/WARN]: Missing sound for event: minecraft:block.dripstone_block.break
[12:05:03] [Render thread/WARN]: Missing sound for event: minecraft:block.dripstone_block.step
[12:05:03] [Render thread/WARN]: Missing sound for event: minecraft:block.dripstone_block.place
[12:05:03] [Render thread/WARN]: Missing sound for event: minecraft:block.dripstone_block.hit
[12:05:03] [Render thread/WARN]: Missing sound for event: minecraft:block.dripstone_block.fall
[12:05:03] [Render thread/WARN]: Missing sound for event: minecraft:block.pointed_dripstone.break
[12:05:03] [Render thread/WARN]: Missing sound for event: minecraft:block.pointed_dripstone.step
[12:05:03] [Render thread/WARN]: Missing sound for event: minecraft:block.pointed_dripstone.place
[12:05:03] [Render thread/WARN]: Missing sound for event: minecraft:block.pointed_dripstone.hit
[12:05:03] [Render thread/WARN]: Missing sound for event: minecraft:block.pointed_dripstone.fall
[12:05:03] [Render thread/WARN]: Missing sound for event: minecraft:block.pointed_dripstone.land
[12:05:03] [Render thread/WARN]: Missing sound for event: minecraft:block.pointed_dripstone.drip_lava
[12:05:03] [Render thread/WARN]: Missing sound for event: minecraft:block.pointed_dripstone.drip_water
[12:05:03] [Render thread/WARN]: Missing sound for event: minecraft:block.pointed_dripstone.drip_lava_into_cauldron
[12:05:03] [Render thread/WARN]: Missing sound for event: minecraft:block.pointed_dripstone.drip_water_into_cauldron
[12:05:03] [Render thread/WARN]: Missing sound for event: minecraft:block.big_dripleaf.tilt_down
[12:05:03] [Render thread/WARN]: Missing sound for event: minecraft:block.big_dripleaf.tilt_up
[12:05:03] [Render thread/WARN]: Missing sound for event: minecraft:entity.drowned.ambient
[12:05:03] [Render thread/WARN]: Missing sound for event: minecraft:entity.drowned.ambient_water
[12:05:03] [Render thread/WARN]: Missing sound for event: minecraft:entity.drowned.death
[12:05:03] [Render thread/WARN]: Missing sound for event: minecraft:entity.drowned.death_water
[12:05:03] [Render thread/WARN]: Missing sound for event: minecraft:entity.drowned.hurt
[12:05:03] [Render thread/WARN]: Missing sound for event: minecraft:entity.drowned.hurt_water
[12:05:03] [Render thread/WARN]: Missing sound for event: minecraft:entity.drowned.shoot
[12:05:03] [Render thread/WARN]: Missing sound for event: minecraft:entity.drowned.step
[12:05:03] [Render thread/WARN]: Missing sound for event: minecraft:entity.drowned.swim
[12:05:03] [Render thread/WARN]: Missing sound for event: minecraft:item.dye.use
[12:05:03] [Render thread/WARN]: Missing sound for event: minecraft:entity.egg.throw
[12:05:03] [Render thread/WARN]: Missing sound for event: minecraft:entity.elder_guardian.ambient
[12:05:03] [Render thread/WARN]: Missing sound for event: minecraft:entity.elder_guardian.ambient_land
[12:05:03] [Render thread/WARN]: Missing sound for event: minecraft:entity.elder_guardian.curse
[12:05:03] [Render thread/WARN]: Missing sound for event: minecraft:entity.elder_guardian.death
[12:05:03] [Render thread/WARN]: Missing sound for event: minecraft:entity.elder_guardian.death_land
[12:05:03] [Render thread/WARN]: Missing sound for event: minecraft:entity.elder_guardian.flop
[12:05:03] [Render thread/WARN]: Missing sound for event: minecraft:entity.elder_guardian.hurt
[12:05:03] [Render thread/WARN]: Missing sound for event: minecraft:entity.elder_guardian.hurt_land
[12:05:03] [Render thread/WARN]: Missing sound for event: minecraft:item.elytra.flying
[12:05:03] [Render thread/WARN]: Missing sound for event: minecraft:block.enchantment_table.use
[12:05:03] [Render thread/WARN]: Missing sound for event: minecraft:block.ender_chest.close
[12:05:03] [Render thread/WARN]: Missing sound for event: minecraft:block.ender_chest.open
[12:05:03] [Render thread/WARN]: Missing sound for event: minecraft:entity.ender_dragon.ambient
[12:05:03] [Render thread/WARN]: Missing sound for event: minecraft:entity.ender_dragon.death
[12:05:03] [Render thread/WARN]: Missing sound for event: minecraft:entity.dragon_fireball.explode
[12:05:03] [Render thread/WARN]: Missing sound for event: minecraft:entity.ender_dragon.flap
[12:05:03] [Render thread/WARN]: Missing sound for event: minecraft:entity.ender_dragon.growl
[12:05:03] [Render thread/WARN]: Missing sound for event: minecraft:entity.ender_dragon.hurt
[12:05:03] [Render thread/WARN]: Missing sound for event: minecraft:entity.ender_dragon.shoot
[12:05:03] [Render thread/WARN]: Missing sound for event: minecraft:entity.ender_eye.death
[12:05:03] [Render thread/WARN]: Missing sound for event: minecraft:entity.ender_eye.launch
[12:05:03] [Render thread/WARN]: Missing sound for event: minecraft:entity.enderman.ambient
[12:05:03] [Render thread/WARN]: Missing sound for event: minecraft:entity.enderman.death
[12:05:03] [Render thread/WARN]: Missing sound for event: minecraft:entity.enderman.hurt
[12:05:03] [Render thread/WARN]: Missing sound for event: minecraft:entity.enderman.scream
[12:05:03] [Render thread/WARN]: Missing sound for event: minecraft:entity.enderman.stare
[12:05:03] [Render thread/WARN]: Missing sound for event: minecraft:entity.enderman.teleport
[12:05:03] [Render thread/WARN]: Missing sound for event: minecraft:entity.endermite.ambient
[12:05:03] [Render thread/WARN]: Missing sound for event: minecraft:entity.endermite.death
[12:05:03] [Render thread/WARN]: Missing sound for event: minecraft:entity.endermite.hurt
[12:05:03] [Render thread/WARN]: Missing sound for event: minecraft:entity.endermite.step
[12:05:03] [Render thread/WARN]: Missing sound for event: minecraft:entity.ender_pearl.throw
[12:05:03] [Render thread/WARN]: Missing sound for event: minecraft:block.end_gateway.spawn
[12:05:03] [Render thread/WARN]: Missing sound for event: minecraft:block.end_portal_frame.fill
[12:05:03] [Render thread/WARN]: Missing sound for event: minecraft:block.end_portal.spawn
[12:05:03] [Render thread/WARN]: Missing sound for event: minecraft:entity.evoker.ambient
[12:05:03] [Render thread/WARN]: Missing sound for event: minecraft:entity.evoker.cast_spell
[12:05:03] [Render thread/WARN]: Missing sound for event: minecraft:entity.evoker.celebrate
[12:05:03] [Render thread/WARN]: Missing sound for event: minecraft:entity.evoker.death
[12:05:03] [Render thread/WARN]: Missing sound for event: minecraft:entity.evoker_fangs.attack
[12:05:03] [Render thread/WARN]: Missing sound for event: minecraft:entity.evoker.hurt
[12:05:03] [Render thread/WARN]: Missing sound for event: minecraft:entity.evoker.prepare_attack
[12:05:03] [Render thread/WARN]: Missing sound for event: minecraft:entity.evoker.prepare_summon
[12:05:03] [Render thread/WARN]: Missing sound for event: minecraft:entity.evoker.prepare_wololo
[12:05:03] [Render thread/WARN]: Missing sound for event: minecraft:entity.experience_bottle.throw
[12:05:03] [Render thread/WARN]: Missing sound for event: minecraft:entity.experience_orb.pickup
[12:05:03] [Render thread/WARN]: Missing sound for event: minecraft:block.fence_gate.close
[12:05:03] [Render thread/WARN]: Missing sound for event: minecraft:block.fence_gate.open
[12:05:03] [Render thread/WARN]: Missing sound for event: minecraft:item.firecharge.use
[12:05:03] [Render thread/WARN]: Missing sound for event: minecraft:entity.firework_rocket.blast
[12:05:03] [Render thread/WARN]: Missing sound for event: minecraft:entity.firework_rocket.blast_far
[12:05:03] [Render thread/WARN]: Missing sound for event: minecraft:entity.firework_rocket.large_blast
[12:05:03] [Render thread/WARN]: Missing sound for event: minecraft:entity.firework_rocket.large_blast_far
[12:05:03] [Render thread/WARN]: Missing sound for event: minecraft:entity.firework_rocket.launch
[12:05:03] [Render thread/WARN]: Missing sound for event: minecraft:entity.firework_rocket.shoot
[12:05:03] [Render thread/WARN]: Missing sound for event: minecraft:entity.firework_rocket.twinkle
[12:05:03] [Render thread/WARN]: Missing sound for event: minecraft:entity.firework_rocket.twinkle_far
[12:05:03] [Render thread/WARN]: Missing sound for event: minecraft:block.fire.ambient
[12:05:03] [Render thread/WARN]: Missing sound for event: minecraft:block.fire.extinguish
[12:05:03] [Render thread/WARN]: Missing sound for event: minecraft:entity.fish.swim
[12:05:03] [Render thread/WARN]: Missing sound for event: minecraft:entity.fishing_bobber.retrieve
[12:05:03] [Render thread/WARN]: Missing sound for event: minecraft:entity.fishing_bobber.splash
[12:05:03] [Render thread/WARN]: Missing sound for event: minecraft:entity.fishing_bobber.throw
[12:05:03] [Render thread/WARN]: Missing sound for event: minecraft:item.flintandsteel.use
[12:05:03] [Render thread/WARN]: Missing sound for event: minecraft:block.flowering_azalea.break
[12:05:03] [Render thread/WARN]: Missing sound for event: minecraft:block.flowering_azalea.fall
[12:05:03] [Render thread/WARN]: Missing sound for event: minecraft:block.flowering_azalea.hit
[12:05:03] [Render thread/WARN]: Missing sound for event: minecraft:block.flowering_azalea.place
[12:05:03] [Render thread/WARN]: Missing sound for event: minecraft:block.flowering_azalea.step
[12:05:03] [Render thread/WARN]: Missing sound for event: minecraft:entity.fox.aggro
[12:05:03] [Render thread/WARN]: Missing sound for event: minecraft:entity.fox.ambient
[12:05:03] [Render thread/WARN]: Missing sound for event: minecraft:entity.fox.bite
[12:05:03] [Render thread/WARN]: Missing sound for event: minecraft:entity.fox.death
[12:05:03] [Render thread/WARN]: Missing sound for event: minecraft:entity.fox.eat
[12:05:03] [Render thread/WARN]: Missing sound for event: minecraft:entity.fox.hurt
[12:05:03] [Render thread/WARN]: Missing sound for event: minecraft:entity.fox.screech
[12:05:03] [Render thread/WARN]: Missing sound for event: minecraft:entity.fox.sleep
[12:05:03] [Render thread/WARN]: Missing sound for event: minecraft:entity.fox.sniff
[12:05:03] [Render thread/WARN]: Missing sound for event: minecraft:entity.fox.spit
[12:05:03] [Render thread/WARN]: Missing sound for event: minecraft:entity.fox.teleport
[12:05:03] [Render thread/WARN]: Missing sound for event: minecraft:block.suspicious_sand.break
[12:05:03] [Render thread/WARN]: Missing sound for event: minecraft:block.suspicious_sand.step
[12:05:03] [Render thread/WARN]: Missing sound for event: minecraft:block.suspicious_sand.place
[12:05:03] [Render thread/WARN]: Missing sound for event: minecraft:block.suspicious_sand.hit
[12:05:03] [Render thread/WARN]: Missing sound for event: minecraft:block.suspicious_sand.fall
[12:05:03] [Render thread/WARN]: Missing sound for event: minecraft:block.suspicious_gravel.break
[12:05:03] [Render thread/WARN]: Missing sound for event: minecraft:block.suspicious_gravel.step
[12:05:03] [Render thread/WARN]: Missing sound for event: minecraft:block.suspicious_gravel.place
[12:05:03] [Render thread/WARN]: Missing sound for event: minecraft:block.suspicious_gravel.hit
[12:05:03] [Render thread/WARN]: Missing sound for event: minecraft:block.suspicious_gravel.fall
[12:05:03] [Render thread/WARN]: Missing sound for event: minecraft:block.froglight.break
[12:05:03] [Render thread/WARN]: Missing sound for event: minecraft:block.froglight.fall
[12:05:03] [Render thread/WARN]: Missing sound for event: minecraft:block.froglight.hit
[12:05:03] [Render thread/WARN]: Missing sound for event: minecraft:block.froglight.place
[12:05:03] [Render thread/WARN]: Missing sound for event: minecraft:block.froglight.step
[12:05:03] [Render thread/WARN]: Missing sound for event: minecraft:block.frogspawn.step
[12:05:03] [Render thread/WARN]: Missing sound for event: minecraft:block.frogspawn.break
[12:05:03] [Render thread/WARN]: Missing sound for event: minecraft:block.frogspawn.fall
[12:05:03] [Render thread/WARN]: Missing sound for event: minecraft:block.frogspawn.hatch
[12:05:03] [Render thread/WARN]: Missing sound for event: minecraft:block.frogspawn.hit
[12:05:03] [Render thread/WARN]: Missing sound for event: minecraft:block.frogspawn.place
[12:05:03] [Render thread/WARN]: Missing sound for event: minecraft:entity.frog.ambient
[12:05:03] [Render thread/WARN]: Missing sound for event: minecraft:entity.frog.death
[12:05:03] [Render thread/WARN]: Missing sound for event: minecraft:entity.frog.eat
[12:05:03] [Render thread/WARN]: Missing sound for event: minecraft:entity.frog.hurt
[12:05:03] [Render thread/WARN]: Missing sound for event: minecraft:entity.frog.lay_spawn
[12:05:03] [Render thread/WARN]: Missing sound for event: minecraft:entity.frog.long_jump
[12:05:03] [Render thread/WARN]: Missing sound for event: minecraft:entity.frog.step
[12:05:03] [Render thread/WARN]: Missing sound for event: minecraft:entity.frog.tongue
[12:05:03] [Render thread/WARN]: Missing sound for event: minecraft:block.roots.break
[12:05:03] [Render thread/WARN]: Missing sound for event: minecraft:block.roots.step
[12:05:03] [Render thread/WARN]: Missing sound for event: minecraft:block.roots.place
[12:05:03] [Render thread/WARN]: Missing sound for event: minecraft:block.roots.hit
[12:05:03] [Render thread/WARN]: Missing sound for event: minecraft:block.roots.fall
[12:05:03] [Render thread/WARN]: Missing sound for event: minecraft:block.furnace.fire_crackle
[12:05:03] [Render thread/WARN]: Missing sound for event: minecraft:entity.generic.big_fall
[12:05:03] [Render thread/WARN]: Missing sound for event: minecraft:entity.generic.burn
[12:05:03] [Render thread/WARN]: Missing sound for event: minecraft:entity.generic.death
[12:05:03] [Render thread/WARN]: Missing sound for event: minecraft:entity.generic.drink
[12:05:03] [Render thread/WARN]: Missing sound for event: minecraft:entity.generic.eat
[12:05:03] [Render thread/WARN]: Missing sound for event: minecraft:entity.generic.explode
[12:05:03] [Render thread/WARN]: Missing sound for event: minecraft:entity.generic.extinguish_fire
[12:05:03] [Render thread/WARN]: Missing sound for event: minecraft:entity.generic.hurt
[12:05:03] [Render thread/WARN]: Missing sound for event: minecraft:entity.generic.small_fall
[12:05:03] [Render thread/WARN]: Missing sound for event: minecraft:entity.generic.splash
[12:05:03] [Render thread/WARN]: Missing sound for event: minecraft:entity.generic.swim
[12:05:03] [Render thread/WARN]: Missing sound for event: minecraft:entity.ghast.ambient
[12:05:03] [Render thread/WARN]: Missing sound for event: minecraft:entity.ghast.death
[12:05:03] [Render thread/WARN]: Missing sound for event: minecraft:entity.ghast.hurt
[12:05:03] [Render thread/WARN]: Missing sound for event: minecraft:entity.ghast.scream
[12:05:03] [Render thread/WARN]: Missing sound for event: minecraft:entity.ghast.shoot
[12:05:03] [Render thread/WARN]: Missing sound for event: minecraft:entity.ghast.warn
[12:05:03] [Render thread/WARN]: Missing sound for event: minecraft:block.gilded_blackstone.break
[12:05:03] [Render thread/WARN]: Missing sound for event: minecraft:block.gilded_blackstone.fall
[12:05:03] [Render thread/WARN]: Missing sound for event: minecraft:block.gilded_blackstone.hit
[12:05:03] [Render thread/WARN]: Missing sound for event: minecraft:block.gilded_blackstone.place
[12:05:03] [Render thread/WARN]: Missing sound for event: minecraft:block.gilded_blackstone.step
[12:05:03] [Render thread/WARN]: Missing sound for event: minecraft:block.glass.break
[12:05:03] [Render thread/WARN]: Missing sound for event: minecraft:block.glass.fall
[12:05:03] [Render thread/WARN]: Missing sound for event: minecraft:block.glass.hit
[12:05:03] [Render thread/WARN]: Missing sound for event: minecraft:block.glass.place
[12:05:03] [Render thread/WARN]: Missing sound for event: minecraft:block.glass.step
[12:05:03] [Render thread/WARN]: Missing sound for event: minecraft:item.glow_ink_sac.use
[12:05:03] [Render thread/WARN]: Missing sound for event: minecraft:entity.glow_item_frame.add_item
[12:05:03] [Render thread/WARN]: Missing sound for event: minecraft:entity.glow_item_frame.break
[12:05:03] [Render thread/WARN]: Missing sound for event: minecraft:entity.glow_item_frame.place
[12:05:03] [Render thread/WARN]: Missing sound for event: minecraft:entity.glow_item_frame.remove_item
[12:05:03] [Render thread/WARN]: Missing sound for event: minecraft:entity.glow_item_frame.rotate_item
[12:05:03] [Render thread/WARN]: Missing sound for event: minecraft:entity.glow_squid.ambient
[12:05:03] [Render thread/WARN]: Missing sound for event: minecraft:entity.glow_squid.death
[12:05:03] [Render thread/WARN]: Missing sound for event: minecraft:entity.glow_squid.hurt
[12:05:03] [Render thread/WARN]: Missing sound for event: minecraft:entity.glow_squid.squirt
[12:05:03] [Render thread/WARN]: Missing sound for event: minecraft:entity.goat.ambient
[12:05:03] [Render thread/WARN]: Missing sound for event: minecraft:entity.goat.death
[12:05:03] [Render thread/WARN]: Missing sound for event: minecraft:entity.goat.eat
[12:05:03] [Render thread/WARN]: Missing sound for event: minecraft:entity.goat.hurt
[12:05:03] [Render thread/WARN]: Missing sound for event: minecraft:entity.goat.long_jump
[12:05:03] [Render thread/WARN]: Missing sound for event: minecraft:entity.goat.milk
[12:05:03] [Render thread/WARN]: Missing sound for event: minecraft:entity.goat.prepare_ram
[12:05:03] [Render thread/WARN]: Missing sound for event: minecraft:entity.goat.ram_impact
[12:05:03] [Render thread/WARN]: Missing sound for event: minecraft:entity.goat.horn_break
[12:05:03] [Render thread/WARN]: Missing sound for event: minecraft:entity.goat.screaming.ambient
[12:05:03] [Render thread/WARN]: Missing sound for event: minecraft:entity.goat.screaming.death
[12:05:03] [Render thread/WARN]: Missing sound for event: minecraft:entity.goat.screaming.eat
[12:05:03] [Render thread/WARN]: Missing sound for event: minecraft:entity.goat.screaming.hurt
[12:05:03] [Render thread/WARN]: Missing sound for event: minecraft:entity.goat.screaming.long_jump
[12:05:03] [Render thread/WARN]: Missing sound for event: minecraft:entity.goat.screaming.milk
[12:05:03] [Render thread/WARN]: Missing sound for event: minecraft:entity.goat.screaming.prepare_ram
[12:05:03] [Render thread/WARN]: Missing sound for event: minecraft:entity.goat.screaming.ram_impact
[12:05:03] [Render thread/WARN]: Missing sound for event: minecraft:entity.goat.step
[12:05:03] [Render thread/WARN]: Missing sound for event: minecraft:block.grass.break
[12:05:03] [Render thread/WARN]: Missing sound for event: minecraft:block.grass.fall
[12:05:03] [Render thread/WARN]: Missing sound for event: minecraft:block.grass.hit
[12:05:03] [Render thread/WARN]: Missing sound for event: minecraft:block.grass.place
[12:05:03] [Render thread/WARN]: Missing sound for event: minecraft:block.grass.step
[12:05:03] [Render thread/WARN]: Missing sound for event: minecraft:block.gravel.break
[12:05:03] [Render thread/WARN]: Missing sound for event: minecraft:block.gravel.fall
[12:05:03] [Render thread/WARN]: Missing sound for event: minecraft:block.gravel.hit
[12:05:03] [Render thread/WARN]: Missing sound for event: minecraft:block.gravel.place
[12:05:03] [Render thread/WARN]: Missing sound for event: minecraft:block.gravel.step
[12:05:03] [Render thread/WARN]: Missing sound for event: minecraft:block.grindstone.use
[12:05:03] [Render thread/WARN]: Missing sound for event: minecraft:block.growing_plant.crop
[12:05:03] [Render thread/WARN]: Missing sound for event: minecraft:entity.guardian.ambient
[12:05:03] [Render thread/WARN]: Missing sound for event: minecraft:entity.guardian.ambient_land
[12:05:03] [Render thread/WARN]: Missing sound for event: minecraft:entity.guardian.attack
[12:05:03] [Render thread/WARN]: Missing sound for event: minecraft:entity.guardian.death
[12:05:03] [Render thread/WARN]: Missing sound for event: minecraft:entity.guardian.death_land
[12:05:03] [Render thread/WARN]: Missing sound for event: minecraft:entity.guardian.flop
[12:05:03] [Render thread/WARN]: Missing sound for event: minecraft:entity.guardian.hurt
[12:05:03] [Render thread/WARN]: Missing sound for event: minecraft:entity.guardian.hurt_land
[12:05:03] [Render thread/WARN]: Missing sound for event: minecraft:block.hanging_roots.break
[12:05:03] [Render thread/WARN]: Missing sound for event: minecraft:block.hanging_roots.fall
[12:05:03] [Render thread/WARN]: Missing sound for event: minecraft:block.hanging_roots.hit
[12:05:03] [Render thread/WARN]: Missing sound for event: minecraft:block.hanging_roots.place
[12:05:03] [Render thread/WARN]: Missing sound for event: minecraft:block.hanging_roots.step
[12:05:03] [Render thread/WARN]: Missing sound for event: minecraft:block.hanging_sign.step
[12:05:03] [Render thread/WARN]: Missing sound for event: minecraft:block.hanging_sign.break
[12:05:03] [Render thread/WARN]: Missing sound for event: minecraft:block.hanging_sign.fall
[12:05:03] [Render thread/WARN]: Missing sound for event: minecraft:block.hanging_sign.hit
[12:05:03] [Render thread/WARN]: Missing sound for event: minecraft:block.hanging_sign.place
[12:05:03] [Render thread/WARN]: Missing sound for event: minecraft:block.heavy_core.break
[12:05:03] [Render thread/WARN]: Missing sound for event: minecraft:block.heavy_core.fall
[12:05:03] [Render thread/WARN]: Missing sound for event: minecraft:block.heavy_core.hit
[12:05:03] [Render thread/WARN]: Missing sound for event: minecraft:block.heavy_core.place
[12:05:03] [Render thread/WARN]: Missing sound for event: minecraft:block.heavy_core.step
[12:05:03] [Render thread/WARN]: Missing sound for event: minecraft:block.nether_wood_hanging_sign.step
[12:05:03] [Render thread/WARN]: Missing sound for event: minecraft:block.nether_wood_hanging_sign.break
[12:05:03] [Render thread/WARN]: Missing sound for event: minecraft:block.nether_wood_hanging_sign.fall
[12:05:03] [Render thread/WARN]: Missing sound for event: minecraft:block.nether_wood_hanging_sign.hit
[12:05:03] [Render thread/WARN]: Missing sound for event: minecraft:block.nether_wood_hanging_sign.place
[12:05:03] [Render thread/WARN]: Missing sound for event: minecraft:block.bamboo_wood_hanging_sign.step
[12:05:03] [Render thread/WARN]: Missing sound for event: minecraft:block.bamboo_wood_hanging_sign.break
[12:05:03] [Render thread/WARN]: Missing sound for event: minecraft:block.bamboo_wood_hanging_sign.fall
[12:05:03] [Render thread/WARN]: Missing sound for event: minecraft:block.bamboo_wood_hanging_sign.hit
[12:05:03] [Render thread/WARN]: Missing sound for event: minecraft:block.bamboo_wood_hanging_sign.place
[12:05:03] [Render thread/WARN]: Missing sound for event: minecraft:block.trial_spawner.break
[12:05:03] [Render thread/WARN]: Missing sound for event: minecraft:block.trial_spawner.step
[12:05:03] [Render thread/WARN]: Missing sound for event: minecraft:block.trial_spawner.place
[12:05:03] [Render thread/WARN]: Missing sound for event: minecraft:block.trial_spawner.hit
[12:05:03] [Render thread/WARN]: Missing sound for event: minecraft:block.trial_spawner.fall
[12:05:03] [Render thread/WARN]: Missing sound for event: minecraft:block.trial_spawner.spawn_mob
[12:05:03] [Render thread/WARN]: Missing sound for event: minecraft:block.trial_spawner.about_to_spawn_item
[12:05:03] [Render thread/WARN]: Missing sound for event: minecraft:block.trial_spawner.spawn_item
[12:05:03] [Render thread/WARN]: Missing sound for event: minecraft:block.trial_spawner.spawn_item_begin
[12:05:03] [Render thread/WARN]: Missing sound for event: minecraft:block.trial_spawner.detect_player
[12:05:03] [Render thread/WARN]: Missing sound for event: minecraft:block.trial_spawner.ominous_activate
[12:05:03] [Render thread/WARN]: Missing sound for event: minecraft:block.trial_spawner.ambient
[12:05:03] [Render thread/WARN]: Missing sound for event: minecraft:block.trial_spawner.ambient_ominous
[12:05:03] [Render thread/WARN]: Missing sound for event: minecraft:block.trial_spawner.open_shutter
[12:05:03] [Render thread/WARN]: Missing sound for event: minecraft:block.trial_spawner.close_shutter
[12:05:03] [Render thread/WARN]: Missing sound for event: minecraft:block.trial_spawner.eject_item
[12:05:03] [Render thread/WARN]: Missing sound for event: minecraft:item.hoe.till
[12:05:03] [Render thread/WARN]: Missing sound for event: minecraft:entity.hoglin.ambient
[12:05:03] [Render thread/WARN]: Missing sound for event: minecraft:entity.hoglin.angry
[12:05:03] [Render thread/WARN]: Missing sound for event: minecraft:entity.hoglin.attack
[12:05:03] [Render thread/WARN]: Missing sound for event: minecraft:entity.hoglin.converted_to_zombified
[12:05:03] [Render thread/WARN]: Missing sound for event: minecraft:entity.hoglin.death
[12:05:03] [Render thread/WARN]: Missing sound for event: minecraft:entity.hoglin.hurt
[12:05:03] [Render thread/WARN]: Missing sound for event: minecraft:entity.hoglin.retreat
[12:05:03] [Render thread/WARN]: Missing sound for event: minecraft:entity.hoglin.step
[12:05:03] [Render thread/WARN]: Missing sound for event: minecraft:block.honey_block.break
[12:05:03] [Render thread/WARN]: Missing sound for event: minecraft:block.honey_block.fall
[12:05:03] [Render thread/WARN]: Missing sound for event: minecraft:block.honey_block.hit
[12:05:03] [Render thread/WARN]: Missing sound for event: minecraft:block.honey_block.place
[12:05:03] [Render thread/WARN]: Missing sound for event: minecraft:block.honey_block.slide
[12:05:03] [Render thread/WARN]: Missing sound for event: minecraft:block.honey_block.step
[12:05:03] [Render thread/WARN]: Missing sound for event: minecraft:item.honeycomb.wax_on
[12:05:03] [Render thread/WARN]: Missing sound for event: minecraft:item.honey_bottle.drink
[12:05:03] [Render thread/WARN]: Missing sound for event: minecraft:item.goat_horn.sound.0
[12:05:03] [Render thread/WARN]: Missing sound for event: minecraft:item.goat_horn.sound.1
[12:05:03] [Render thread/WARN]: Missing sound for event: minecraft:item.goat_horn.sound.2
[12:05:03] [Render thread/WARN]: Missing sound for event: minecraft:item.goat_horn.sound.3
[12:05:03] [Render thread/WARN]: Missing sound for event: minecraft:item.goat_horn.sound.4
[12:05:03] [Render thread/WARN]: Missing sound for event: minecraft:item.goat_horn.sound.5
[12:05:03] [Render thread/WARN]: Missing sound for event: minecraft:item.goat_horn.sound.6
[12:05:03] [Render thread/WARN]: Missing sound for event: minecraft:item.goat_horn.sound.7
[12:05:03] [Render thread/WARN]: Missing sound for event: minecraft:entity.horse.ambient
[12:05:03] [Render thread/WARN]: Missing sound for event: minecraft:entity.horse.angry
[12:05:03] [Render thread/WARN]: Missing sound for event: minecraft:entity.horse.armor
[12:05:03] [Render thread/WARN]: Missing sound for event: minecraft:entity.horse.breathe
[12:05:03] [Render thread/WARN]: Missing sound for event: minecraft:entity.horse.death
[12:05:03] [Render thread/WARN]: Missing sound for event: minecraft:entity.horse.eat
[12:05:03] [Render thread/WARN]: Missing sound for event: minecraft:entity.horse.gallop
[12:05:03] [Render thread/WARN]: Missing sound for event: minecraft:entity.horse.hurt
[12:05:03] [Render thread/WARN]: Missing sound for event: minecraft:entity.horse.jump
[12:05:03] [Render thread/WARN]: Missing sound for event: minecraft:entity.horse.land
[12:05:03] [Render thread/WARN]: Missing sound for event: minecraft:entity.horse.saddle
[12:05:03] [Render thread/WARN]: Missing sound for event: minecraft:entity.horse.step
[12:05:03] [Render thread/WARN]: Missing sound for event: minecraft:entity.horse.step_wood
[12:05:03] [Render thread/WARN]: Missing sound for event: minecraft:entity.hostile.big_fall
[12:05:03] [Render thread/WARN]: Missing sound for event: minecraft:entity.hostile.death
[12:05:03] [Render thread/WARN]: Missing sound for event: minecraft:entity.hostile.hurt
[12:05:03] [Render thread/WARN]: Missing sound for event: minecraft:entity.hostile.small_fall
[12:05:03] [Render thread/WARN]: Missing sound for event: minecraft:entity.hostile.splash
[12:05:03] [Render thread/WARN]: Missing sound for event: minecraft:entity.hostile.swim
[12:05:03] [Render thread/WARN]: Missing sound for event: minecraft:entity.husk.ambient
[12:05:03] [Render thread/WARN]: Missing sound for event: minecraft:entity.husk.converted_to_zombie
[12:05:03] [Render thread/WARN]: Missing sound for event: minecraft:entity.husk.death
[12:05:03] [Render thread/WARN]: Missing sound for event: minecraft:entity.husk.hurt
[12:05:03] [Render thread/WARN]: Missing sound for event: minecraft:entity.husk.step
[12:05:03] [Render thread/WARN]: Missing sound for event: minecraft:entity.illusioner.ambient
[12:05:03] [Render thread/WARN]: Missing sound for event: minecraft:entity.illusioner.cast_spell
[12:05:03] [Render thread/WARN]: Missing sound for event: minecraft:entity.illusioner.death
[12:05:03] [Render thread/WARN]: Missing sound for event: minecraft:entity.illusioner.hurt
[12:05:03] [Render thread/WARN]: Missing sound for event: minecraft:entity.illusioner.mirror_move
[12:05:03] [Render thread/WARN]: Missing sound for event: minecraft:entity.illusioner.prepare_blindness
[12:05:03] [Render thread/WARN]: Missing sound for event: minecraft:entity.illusioner.prepare_mirror
[12:05:03] [Render thread/WARN]: Missing sound for event: minecraft:item.ink_sac.use
[12:05:03] [Render thread/WARN]: Missing sound for event: minecraft:block.iron_door.close
[12:05:03] [Render thread/WARN]: Missing sound for event: minecraft:block.iron_door.open
[12:05:03] [Render thread/WARN]: Missing sound for event: minecraft:entity.iron_golem.attack
[12:05:03] [Render thread/WARN]: Missing sound for event: minecraft:entity.iron_golem.damage
[12:05:03] [Render thread/WARN]: Missing sound for event: minecraft:entity.iron_golem.death
[12:05:03] [Render thread/WARN]: Missing sound for event: minecraft:entity.iron_golem.hurt
[12:05:03] [Render thread/WARN]: Missing sound for event: minecraft:entity.iron_golem.repair
[12:05:03] [Render thread/WARN]: Missing sound for event: minecraft:entity.iron_golem.step
[12:05:03] [Render thread/WARN]: Missing sound for event: minecraft:block.iron_trapdoor.close
[12:05:03] [Render thread/WARN]: Missing sound for event: minecraft:block.iron_trapdoor.open
[12:05:03] [Render thread/WARN]: Missing sound for event: minecraft:entity.item_frame.add_item
[12:05:03] [Render thread/WARN]: Missing sound for event: minecraft:entity.item_frame.break
[12:05:03] [Render thread/WARN]: Missing sound for event: minecraft:entity.item_frame.place
[12:05:03] [Render thread/WARN]: Missing sound for event: minecraft:entity.item_frame.remove_item
[12:05:03] [Render thread/WARN]: Missing sound for event: minecraft:entity.item_frame.rotate_item
[12:05:03] [Render thread/WARN]: Missing sound for event: minecraft:entity.item.break
[12:05:03] [Render thread/WARN]: Missing sound for event: minecraft:entity.item.pickup
[12:05:03] [Render thread/WARN]: Missing sound for event: minecraft:block.ladder.break
[12:05:03] [Render thread/WARN]: Missing sound for event: minecraft:block.ladder.fall
[12:05:03] [Render thread/WARN]: Missing sound for event: minecraft:block.ladder.hit
[12:05:03] [Render thread/WARN]: Missing sound for event: minecraft:block.ladder.place
[12:05:03] [Render thread/WARN]: Missing sound for event: minecraft:block.ladder.step
[12:05:03] [Render thread/WARN]: Missing sound for event: minecraft:block.lantern.break
[12:05:03] [Render thread/WARN]: Missing sound for event: minecraft:block.lantern.fall
[12:05:03] [Render thread/WARN]: Missing sound for event: minecraft:block.lantern.hit
[12:05:03] [Render thread/WARN]: Missing sound for event: minecraft:block.lantern.place
[12:05:03] [Render thread/WARN]: Missing sound for event: minecraft:block.lantern.step
[12:05:03] [Render thread/WARN]: Missing sound for event: minecraft:block.large_amethyst_bud.break
[12:05:03] [Render thread/WARN]: Missing sound for event: minecraft:block.large_amethyst_bud.place
[12:05:03] [Render thread/WARN]: Missing sound for event: minecraft:block.lava.ambient
[12:05:03] [Render thread/WARN]: Missing sound for event: minecraft:block.lava.extinguish
[12:05:03] [Render thread/WARN]: Missing sound for event: minecraft:block.lava.pop
[12:05:03] [Render thread/WARN]: Missing sound for event: minecraft:entity.leash_knot.break
[12:05:03] [Render thread/WARN]: Missing sound for event: minecraft:entity.leash_knot.place
[12:05:03] [Render thread/WARN]: Missing sound for event: minecraft:block.lever.click
[12:05:03] [Render thread/WARN]: Missing sound for event: minecraft:entity.lightning_bolt.impact
[12:05:03] [Render thread/WARN]: Missing sound for event: minecraft:entity.lightning_bolt.thunder
[12:05:03] [Render thread/WARN]: Missing sound for event: minecraft:entity.lingering_potion.throw
[12:05:03] [Render thread/WARN]: Missing sound for event: minecraft:entity.llama.ambient
[12:05:03] [Render thread/WARN]: Missing sound for event: minecraft:entity.llama.angry
[12:05:03] [Render thread/WARN]: Missing sound for event: minecraft:entity.llama.chest
[12:05:03] [Render thread/WARN]: Missing sound for event: minecraft:entity.llama.death
[12:05:03] [Render thread/WARN]: Missing sound for event: minecraft:entity.llama.eat
[12:05:03] [Render thread/WARN]: Missing sound for event: minecraft:entity.llama.hurt
[12:05:03] [Render thread/WARN]: Missing sound for event: minecraft:entity.llama.spit
[12:05:03] [Render thread/WARN]: Missing sound for event: minecraft:entity.llama.step
[12:05:03] [Render thread/WARN]: Missing sound for event: minecraft:entity.llama.swag
[12:05:03] [Render thread/WARN]: Missing sound for event: minecraft:entity.magma_cube.death_small
[12:05:03] [Render thread/WARN]: Missing sound for event: minecraft:block.lodestone.break
[12:05:03] [Render thread/WARN]: Missing sound for event: minecraft:block.lodestone.step
[12:05:03] [Render thread/WARN]: Missing sound for event: minecraft:block.lodestone.place
[12:05:03] [Render thread/WARN]: Missing sound for event: minecraft:block.lodestone.hit
[12:05:03] [Render thread/WARN]: Missing sound for event: minecraft:block.lodestone.fall
[12:05:03] [Render thread/WARN]: Missing sound for event: minecraft:item.lodestone_compass.lock
[12:05:03] [Render thread/WARN]: Missing sound for event: minecraft:item.mace.smash_air
[12:05:03] [Render thread/WARN]: Missing sound for event: minecraft:item.mace.smash_ground
[12:05:03] [Render thread/WARN]: Missing sound for event: minecraft:item.mace.smash_ground_heavy
[12:05:03] [Render thread/WARN]: Missing sound for event: minecraft:entity.magma_cube.death
[12:05:03] [Render thread/WARN]: Missing sound for event: minecraft:entity.magma_cube.hurt
[12:05:03] [Render thread/WARN]: Missing sound for event: minecraft:entity.magma_cube.hurt_small
[12:05:03] [Render thread/WARN]: Missing sound for event: minecraft:entity.magma_cube.jump
[12:05:03] [Render thread/WARN]: Missing sound for event: minecraft:entity.magma_cube.squish
[12:05:03] [Render thread/WARN]: Missing sound for event: minecraft:entity.magma_cube.squish_small
[12:05:03] [Render thread/WARN]: Missing sound for event: minecraft:block.mangrove_roots.break
[12:05:03] [Render thread/WARN]: Missing sound for event: minecraft:block.mangrove_roots.fall
[12:05:03] [Render thread/WARN]: Missing sound for event: minecraft:block.mangrove_roots.hit
[12:05:03] [Render thread/WARN]: Missing sound for event: minecraft:block.mangrove_roots.place
[12:05:03] [Render thread/WARN]: Missing sound for event: minecraft:block.mangrove_roots.step
[12:05:03] [Render thread/WARN]: Missing sound for event: minecraft:block.medium_amethyst_bud.break
[12:05:03] [Render thread/WARN]: Missing sound for event: minecraft:block.medium_amethyst_bud.place
[12:05:03] [Render thread/WARN]: Missing sound for event: minecraft:block.metal.break
[12:05:03] [Render thread/WARN]: Missing sound for event: minecraft:block.metal.fall
[12:05:03] [Render thread/WARN]: Missing sound for event: minecraft:block.metal.hit
[12:05:03] [Render thread/WARN]: Missing sound for event: minecraft:block.metal.place
[12:05:03] [Render thread/WARN]: Missing sound for event: minecraft:block.metal_pressure_plate.click_off
[12:05:03] [Render thread/WARN]: Missing sound for event: minecraft:block.metal_pressure_plate.click_on
[12:05:03] [Render thread/WARN]: Missing sound for event: minecraft:block.metal.step
[12:05:03] [Render thread/WARN]: Missing sound for event: minecraft:entity.minecart.inside.underwater
[12:05:03] [Render thread/WARN]: Missing sound for event: minecraft:entity.minecart.inside
[12:05:03] [Render thread/WARN]: Missing sound for event: minecraft:entity.minecart.riding
[12:05:03] [Render thread/WARN]: Missing sound for event: minecraft:entity.mooshroom.convert
[12:05:03] [Render thread/WARN]: Missing sound for event: minecraft:entity.mooshroom.eat
[12:05:03] [Render thread/WARN]: Missing sound for event: minecraft:entity.mooshroom.milk
[12:05:03] [Render thread/WARN]: Missing sound for event: minecraft:entity.mooshroom.suspicious_milk
[12:05:03] [Render thread/WARN]: Missing sound for event: minecraft:entity.mooshroom.shear
[12:05:03] [Render thread/WARN]: Missing sound for event: minecraft:block.moss_carpet.break
[12:05:03] [Render thread/WARN]: Missing sound for event: minecraft:block.moss_carpet.fall
[12:05:03] [Render thread/WARN]: Missing sound for event: minecraft:block.moss_carpet.hit
[12:05:03] [Render thread/WARN]: Missing sound for event: minecraft:block.moss_carpet.place
[12:05:03] [Render thread/WARN]: Missing sound for event: minecraft:block.moss_carpet.step
[12:05:03] [Render thread/WARN]: Missing sound for event: minecraft:block.pink_petals.break
[12:05:03] [Render thread/WARN]: Missing sound for event: minecraft:block.pink_petals.fall
[12:05:03] [Render thread/WARN]: Missing sound for event: minecraft:block.pink_petals.hit
[12:05:03] [Render thread/WARN]: Missing sound for event: minecraft:block.pink_petals.place
[12:05:03] [Render thread/WARN]: Missing sound for event: minecraft:block.pink_petals.step
[12:05:03] [Render thread/WARN]: Missing sound for event: minecraft:block.moss.break
[12:05:03] [Render thread/WARN]: Missing sound for event: minecraft:block.moss.fall
[12:05:03] [Render thread/WARN]: Missing sound for event: minecraft:block.moss.hit
[12:05:03] [Render thread/WARN]: Missing sound for event: minecraft:block.moss.place
[12:05:03] [Render thread/WARN]: Missing sound for event: minecraft:block.moss.step
[12:05:03] [Render thread/WARN]: Missing sound for event: minecraft:block.mud.break
[12:05:03] [Render thread/WARN]: Missing sound for event: minecraft:block.mud.fall
[12:05:03] [Render thread/WARN]: Missing sound for event: minecraft:block.mud.hit
[12:05:03] [Render thread/WARN]: Missing sound for event: minecraft:block.mud.place
[12:05:03] [Render thread/WARN]: Missing sound for event: minecraft:block.mud.step
[12:05:03] [Render thread/WARN]: Missing sound for event: minecraft:block.mud_bricks.break
[12:05:03] [Render thread/WARN]: Missing sound for event: minecraft:block.mud_bricks.fall
[12:05:03] [Render thread/WARN]: Missing sound for event: minecraft:block.mud_bricks.hit
[12:05:03] [Render thread/WARN]: Missing sound for event: minecraft:block.mud_bricks.place
[12:05:03] [Render thread/WARN]: Missing sound for event: minecraft:block.mud_bricks.step
[12:05:03] [Render thread/WARN]: Missing sound for event: minecraft:block.muddy_mangrove_roots.break
[12:05:03] [Render thread/WARN]: Missing sound for event: minecraft:block.muddy_mangrove_roots.fall
[12:05:03] [Render thread/WARN]: Missing sound for event: minecraft:block.muddy_mangrove_roots.hit
[12:05:03] [Render thread/WARN]: Missing sound for event: minecraft:block.muddy_mangrove_roots.place
[12:05:03] [Render thread/WARN]: Missing sound for event: minecraft:block.muddy_mangrove_roots.step
[12:05:03] [Render thread/WARN]: Missing sound for event: minecraft:entity.mule.ambient
[12:05:03] [Render thread/WARN]: Missing sound for event: minecraft:entity.mule.angry
[12:05:03] [Render thread/WARN]: Missing sound for event: minecraft:entity.mule.chest
[12:05:03] [Render thread/WARN]: Missing sound for event: minecraft:entity.mule.death
[12:05:03] [Render thread/WARN]: Missing sound for event: minecraft:entity.mule.eat
[12:05:03] [Render thread/WARN]: Missing sound for event: minecraft:entity.mule.hurt
[12:05:03] [Render thread/WARN]: Missing sound for event: minecraft:entity.mule.jump
[12:05:03] [Render thread/WARN]: Missing sound for event: minecraft:music.creative
[12:05:03] [Render thread/WARN]: Missing sound for event: minecraft:music.credits
[12:05:03] [Render thread/WARN]: Missing sound for event: minecraft:music_disc.5
[12:05:03] [Render thread/WARN]: Missing sound for event: minecraft:music_disc.11
[12:05:03] [Render thread/WARN]: Missing sound for event: minecraft:music_disc.13
[12:05:03] [Render thread/WARN]: Missing sound for event: minecraft:music_disc.blocks
[12:05:03] [Render thread/WARN]: Missing sound for event: minecraft:music_disc.cat
[12:05:03] [Render thread/WARN]: Missing sound for event: minecraft:music_disc.chirp
[12:05:03] [Render thread/WARN]: Missing sound for event: minecraft:music_disc.far
[12:05:03] [Render thread/WARN]: Missing sound for event: minecraft:music_disc.mall
[12:05:03] [Render thread/WARN]: Missing sound for event: minecraft:music_disc.mellohi
[12:05:03] [Render thread/WARN]: Missing sound for event: minecraft:music_disc.pigstep
[12:05:03] [Render thread/WARN]: Missing sound for event: minecraft:music_disc.stal
[12:05:03] [Render thread/WARN]: Missing sound for event: minecraft:music_disc.strad
[12:05:03] [Render thread/WARN]: Missing sound for event: minecraft:music_disc.wait
[12:05:03] [Render thread/WARN]: Missing sound for event: minecraft:music_disc.ward
[12:05:03] [Render thread/WARN]: Missing sound for event: minecraft:music_disc.otherside
[12:05:03] [Render thread/WARN]: Missing sound for event: minecraft:music_disc.relic
[12:05:03] [Render thread/WARN]: Missing sound for event: minecraft:music_disc.creator
[12:05:03] [Render thread/WARN]: Missing sound for event: minecraft:music_disc.creator_music_box
[12:05:03] [Render thread/WARN]: Missing sound for event: minecraft:music_disc.precipice
[12:05:03] [Render thread/WARN]: Missing sound for event: minecraft:music.dragon
[12:05:03] [Render thread/WARN]: Missing sound for event: minecraft:music.end
[12:05:03] [Render thread/WARN]: Missing sound for event: minecraft:music.game
[12:05:03] [Render thread/WARN]: Missing sound for event: minecraft:music.menu
[12:05:03] [Render thread/WARN]: Missing sound for event: minecraft:music.nether.basalt_deltas
[12:05:03] [Render thread/WARN]: Missing sound for event: minecraft:music.nether.crimson_forest
[12:05:03] [Render thread/WARN]: Missing sound for event: minecraft:music.overworld.deep_dark
[12:05:03] [Render thread/WARN]: Missing sound for event: minecraft:music.overworld.dripstone_caves
[12:05:03] [Render thread/WARN]: Missing sound for event: minecraft:music.overworld.grove
[12:05:03] [Render thread/WARN]: Missing sound for event: minecraft:music.overworld.jagged_peaks
[12:05:03] [Render thread/WARN]: Missing sound for event: minecraft:music.overworld.lush_caves
[12:05:03] [Render thread/WARN]: Missing sound for event: minecraft:music.overworld.swamp
[12:05:03] [Render thread/WARN]: Missing sound for event: minecraft:music.overworld.forest
[12:05:03] [Render thread/WARN]: Missing sound for event: minecraft:music.overworld.old_growth_taiga
[12:05:03] [Render thread/WARN]: Missing sound for event: minecraft:music.overworld.meadow
[12:05:03] [Render thread/WARN]: Missing sound for event: minecraft:music.overworld.cherry_grove
[12:05:03] [Render thread/WARN]: Missing sound for event: minecraft:music.nether.nether_wastes
[12:05:03] [Render thread/WARN]: Missing sound for event: minecraft:music.overworld.frozen_peaks
[12:05:03] [Render thread/WARN]: Missing sound for event: minecraft:music.overworld.snowy_slopes
[12:05:03] [Render thread/WARN]: Missing sound for event: minecraft:music.nether.soul_sand_valley
[12:05:03] [Render thread/WARN]: Missing sound for event: minecraft:music.overworld.stony_peaks
[12:05:03] [Render thread/WARN]: Missing sound for event: minecraft:music.nether.warped_forest
[12:05:03] [Render thread/WARN]: Missing sound for event: minecraft:music.overworld.flower_forest
[12:05:03] [Render thread/WARN]: Missing sound for event: minecraft:music.overworld.desert
[12:05:03] [Render thread/WARN]: Missing sound for event: minecraft:music.overworld.badlands
[12:05:03] [Render thread/WARN]: Missing sound for event: minecraft:music.overworld.jungle
[12:05:03] [Render thread/WARN]: Missing sound for event: minecraft:music.overworld.sparse_jungle
[12:05:03] [Render thread/WARN]: Missing sound for event: minecraft:music.overworld.bamboo_jungle
[12:05:03] [Render thread/WARN]: Missing sound for event: minecraft:music.under_water
[12:05:03] [Render thread/WARN]: Missing sound for event: minecraft:block.nether_bricks.break
[12:05:03] [Render thread/WARN]: Missing sound for event: minecraft:block.nether_bricks.step
[12:05:03] [Render thread/WARN]: Missing sound for event: minecraft:block.nether_bricks.place
[12:05:03] [Render thread/WARN]: Missing sound for event: minecraft:block.nether_bricks.hit
[12:05:03] [Render thread/WARN]: Missing sound for event: minecraft:block.nether_bricks.fall
[12:05:03] [Render thread/WARN]: Missing sound for event: minecraft:block.nether_wart.break
[12:05:03] [Render thread/WARN]: Missing sound for event: minecraft:item.nether_wart.plant
[12:05:03] [Render thread/WARN]: Missing sound for event: minecraft:block.nether_wood.break
[12:05:03] [Render thread/WARN]: Missing sound for event: minecraft:block.nether_wood.fall
[12:05:03] [Render thread/WARN]: Missing sound for event: minecraft:block.nether_wood.hit
[12:05:03] [Render thread/WARN]: Missing sound for event: minecraft:block.nether_wood.place
[12:05:03] [Render thread/WARN]: Missing sound for event: minecraft:block.nether_wood.step
[12:05:03] [Render thread/WARN]: Missing sound for event: minecraft:block.nether_wood_door.close
[12:05:03] [Render thread/WARN]: Missing sound for event: minecraft:block.nether_wood_door.open
[12:05:03] [Render thread/WARN]: Missing sound for event: minecraft:block.nether_wood_trapdoor.close
[12:05:03] [Render thread/WARN]: Missing sound for event: minecraft:block.nether_wood_trapdoor.open
[12:05:03] [Render thread/WARN]: Missing sound for event: minecraft:block.nether_wood_button.click_off
[12:05:03] [Render thread/WARN]: Missing sound for event: minecraft:block.nether_wood_button.click_on
[12:05:03] [Render thread/WARN]: Missing sound for event: minecraft:block.nether_wood_pressure_plate.click_off
[12:05:03] [Render thread/WARN]: Missing sound for event: minecraft:block.nether_wood_pressure_plate.click_on
[12:05:03] [Render thread/WARN]: Missing sound for event: minecraft:block.nether_wood_fence_gate.close
[12:05:03] [Render thread/WARN]: Missing sound for event: minecraft:block.nether_wood_fence_gate.open
[12:05:03] [Render thread/WARN]: Missing sound for event: minecraft:block.packed_mud.break
[12:05:03] [Render thread/WARN]: Missing sound for event: minecraft:block.packed_mud.fall
[12:05:03] [Render thread/WARN]: Missing sound for event: minecraft:block.packed_mud.hit
[12:05:03] [Render thread/WARN]: Missing sound for event: minecraft:block.packed_mud.place
[12:05:03] [Render thread/WARN]: Missing sound for event: minecraft:block.packed_mud.step
[12:05:03] [Render thread/WARN]: Missing sound for event: minecraft:block.stem.break
[12:05:03] [Render thread/WARN]: Missing sound for event: minecraft:block.stem.step
[12:05:03] [Render thread/WARN]: Missing sound for event: minecraft:block.stem.place
[12:05:03] [Render thread/WARN]: Missing sound for event: minecraft:block.stem.hit
[12:05:03] [Render thread/WARN]: Missing sound for event: minecraft:block.stem.fall
[12:05:03] [Render thread/WARN]: Missing sound for event: minecraft:block.nylium.break
[12:05:03] [Render thread/WARN]: Missing sound for event: minecraft:block.nylium.step
[12:05:03] [Render thread/WARN]: Missing sound for event: minecraft:block.nylium.place
[12:05:03] [Render thread/WARN]: Missing sound for event: minecraft:block.nylium.hit
[12:05:03] [Render thread/WARN]: Missing sound for event: minecraft:block.nylium.fall
[12:05:03] [Render thread/WARN]: Missing sound for event: minecraft:block.nether_sprouts.break
[12:05:03] [Render thread/WARN]: Missing sound for event: minecraft:block.nether_sprouts.step
[12:05:03] [Render thread/WARN]: Missing sound for event: minecraft:block.nether_sprouts.place
[12:05:03] [Render thread/WARN]: Missing sound for event: minecraft:block.nether_sprouts.hit
[12:05:03] [Render thread/WARN]: Missing sound for event: minecraft:block.nether_sprouts.fall
[12:05:03] [Render thread/WARN]: Missing sound for event: minecraft:block.fungus.break
[12:05:03] [Render thread/WARN]: Missing sound for event: minecraft:block.fungus.step
[12:05:03] [Render thread/WARN]: Missing sound for event: minecraft:block.fungus.place
[12:05:03] [Render thread/WARN]: Missing sound for event: minecraft:block.fungus.hit
[12:05:03] [Render thread/WARN]: Missing sound for event: minecraft:block.fungus.fall
[12:05:03] [Render thread/WARN]: Missing sound for event: minecraft:block.weeping_vines.break
[12:05:03] [Render thread/WARN]: Missing sound for event: minecraft:block.weeping_vines.step
[12:05:03] [Render thread/WARN]: Missing sound for event: minecraft:block.weeping_vines.place
[12:05:03] [Render thread/WARN]: Missing sound for event: minecraft:block.weeping_vines.hit
[12:05:03] [Render thread/WARN]: Missing sound for event: minecraft:block.weeping_vines.fall
[12:05:03] [Render thread/WARN]: Missing sound for event: minecraft:block.wart_block.break
[12:05:03] [Render thread/WARN]: Missing sound for event: minecraft:block.wart_block.step
[12:05:03] [Render thread/WARN]: Missing sound for event: minecraft:block.wart_block.place
[12:05:03] [Render thread/WARN]: Missing sound for event: minecraft:block.wart_block.hit
[12:05:03] [Render thread/WARN]: Missing sound for event: minecraft:block.wart_block.fall
[12:05:03] [Render thread/WARN]: Missing sound for event: minecraft:block.netherite_block.break
[12:05:03] [Render thread/WARN]: Missing sound for event: minecraft:block.netherite_block.step
[12:05:03] [Render thread/WARN]: Missing sound for event: minecraft:block.netherite_block.place
[12:05:03] [Render thread/WARN]: Missing sound for event: minecraft:block.netherite_block.hit
[12:05:03] [Render thread/WARN]: Missing sound for event: minecraft:block.netherite_block.fall
[12:05:03] [Render thread/WARN]: Missing sound for event: minecraft:block.netherrack.break
[12:05:03] [Render thread/WARN]: Missing sound for event: minecraft:block.netherrack.step
[12:05:03] [Render thread/WARN]: Missing sound for event: minecraft:block.netherrack.place
[12:05:03] [Render thread/WARN]: Missing sound for event: minecraft:block.netherrack.hit
[12:05:03] [Render thread/WARN]: Missing sound for event: minecraft:block.netherrack.fall
[12:05:03] [Render thread/WARN]: Missing sound for event: minecraft:block.note_block.basedrum
[12:05:03] [Render thread/WARN]: Missing sound for event: minecraft:block.note_block.bass
[12:05:03] [Render thread/WARN]: Missing sound for event: minecraft:block.note_block.bell
[12:05:03] [Render thread/WARN]: Missing sound for event: minecraft:block.note_block.chime
[12:05:03] [Render thread/WARN]: Missing sound for event: minecraft:block.note_block.flute
[12:05:03] [Render thread/WARN]: Missing sound for event: minecraft:block.note_block.guitar
[12:05:03] [Render thread/WARN]: Missing sound for event: minecraft:block.note_block.harp
[12:05:03] [Render thread/WARN]: Missing sound for event: minecraft:block.note_block.hat
[12:05:03] [Render thread/WARN]: Missing sound for event: minecraft:block.note_block.pling
[12:05:03] [Render thread/WARN]: Missing sound for event: minecraft:block.note_block.snare
[12:05:03] [Render thread/WARN]: Missing sound for event: minecraft:block.note_block.xylophone
[12:05:03] [Render thread/WARN]: Missing sound for event: minecraft:block.note_block.iron_xylophone
[12:05:03] [Render thread/WARN]: Missing sound for event: minecraft:block.note_block.cow_bell
[12:05:03] [Render thread/WARN]: Missing sound for event: minecraft:block.note_block.didgeridoo
[12:05:03] [Render thread/WARN]: Missing sound for event: minecraft:block.note_block.bit
[12:05:03] [Render thread/WARN]: Missing sound for event: minecraft:block.note_block.banjo
[12:05:03] [Render thread/WARN]: Missing sound for event: minecraft:block.note_block.imitate.zombie
[12:05:03] [Render thread/WARN]: Missing sound for event: minecraft:block.note_block.imitate.skeleton
[12:05:03] [Render thread/WARN]: Missing sound for event: minecraft:block.note_block.imitate.creeper
[12:05:03] [Render thread/WARN]: Missing sound for event: minecraft:block.note_block.imitate.ender_dragon
[12:05:03] [Render thread/WARN]: Missing sound for event: minecraft:block.note_block.imitate.wither_skeleton
[12:05:03] [Render thread/WARN]: Missing sound for event: minecraft:block.note_block.imitate.piglin
[12:05:03] [Render thread/WARN]: Missing sound for event: minecraft:entity.ocelot.hurt
[12:05:03] [Render thread/WARN]: Missing sound for event: minecraft:entity.ocelot.ambient
[12:05:03] [Render thread/WARN]: Missing sound for event: minecraft:entity.ocelot.death
[12:05:03] [Render thread/WARN]: Missing sound for event: minecraft:item.ominous_bottle.dispose
[12:05:03] [Render thread/WARN]: Missing sound for event: minecraft:entity.painting.break
[12:05:03] [Render thread/WARN]: Missing sound for event: minecraft:entity.painting.place
[12:05:03] [Render thread/WARN]: Missing sound for event: minecraft:block.pale_hanging_moss.idle
[12:05:03] [Render thread/WARN]: Missing sound for event: minecraft:entity.panda.pre_sneeze
[12:05:03] [Render thread/WARN]: Missing sound for event: minecraft:entity.panda.sneeze
[12:05:03] [Render thread/WARN]: Missing sound for event: minecraft:entity.panda.ambient
[12:05:03] [Render thread/WARN]: Missing sound for event: minecraft:entity.panda.death
[12:05:03] [Render thread/WARN]: Missing sound for event: minecraft:entity.panda.eat
[12:05:03] [Render thread/WARN]: Missing sound for event: minecraft:entity.panda.step
[12:05:03] [Render thread/WARN]: Missing sound for event: minecraft:entity.panda.cant_breed
[12:05:03] [Render thread/WARN]: Missing sound for event: minecraft:entity.panda.aggressive_ambient
[12:05:03] [Render thread/WARN]: Missing sound for event: minecraft:entity.panda.worried_ambient
[12:05:03] [Render thread/WARN]: Missing sound for event: minecraft:entity.panda.hurt
[12:05:03] [Render thread/WARN]: Missing sound for event: minecraft:entity.panda.bite
[12:05:03] [Render thread/WARN]: Missing sound for event: minecraft:entity.parrot.ambient
[12:05:03] [Render thread/WARN]: Missing sound for event: minecraft:entity.parrot.death
[12:05:03] [Render thread/WARN]: Missing sound for event: minecraft:entity.parrot.eat
[12:05:03] [Render thread/WARN]: Missing sound for event: minecraft:entity.parrot.fly
[12:05:03] [Render thread/WARN]: Missing sound for event: minecraft:entity.parrot.hurt
[12:05:03] [Render thread/WARN]: Missing sound for event: minecraft:entity.parrot.imitate.blaze
[12:05:03] [Render thread/WARN]: Missing sound for event: minecraft:entity.parrot.imitate.bogged
[12:05:03] [Render thread/WARN]: Missing sound for event: minecraft:entity.parrot.imitate.breeze
[12:05:03] [Render thread/WARN]: Missing sound for event: minecraft:entity.parrot.imitate.creaking
[12:05:03] [Render thread/WARN]: Missing sound for event: minecraft:entity.parrot.imitate.creeper
[12:05:03] [Render thread/WARN]: Missing sound for event: minecraft:entity.parrot.imitate.drowned
[12:05:03] [Render thread/WARN]: Missing sound for event: minecraft:entity.parrot.imitate.elder_guardian
[12:05:03] [Render thread/WARN]: Missing sound for event: minecraft:entity.parrot.imitate.ender_dragon
[12:05:03] [Render thread/WARN]: Missing sound for event: minecraft:entity.parrot.imitate.endermite
[12:05:03] [Render thread/WARN]: Missing sound for event: minecraft:entity.parrot.imitate.evoker
[12:05:03] [Render thread/WARN]: Missing sound for event: minecraft:entity.parrot.imitate.ghast
[12:05:03] [Render thread/WARN]: Missing sound for event: minecraft:entity.parrot.imitate.guardian
[12:05:03] [Render thread/WARN]: Missing sound for event: minecraft:entity.parrot.imitate.hoglin
[12:05:03] [Render thread/WARN]: Missing sound for event: minecraft:entity.parrot.imitate.husk
[12:05:03] [Render thread/WARN]: Missing sound for event: minecraft:entity.parrot.imitate.illusioner
[12:05:03] [Render thread/WARN]: Missing sound for event: minecraft:entity.parrot.imitate.magma_cube
[12:05:03] [Render thread/WARN]: Missing sound for event: minecraft:entity.parrot.imitate.phantom
[12:05:03] [Render thread/WARN]: Missing sound for event: minecraft:entity.parrot.imitate.piglin
[12:05:03] [Render thread/WARN]: Missing sound for event: minecraft:entity.parrot.imitate.piglin_brute
[12:05:03] [Render thread/WARN]: Missing sound for event: minecraft:entity.parrot.imitate.pillager
[12:05:03] [Render thread/WARN]: Missing sound for event: minecraft:entity.parrot.imitate.ravager
[12:05:03] [Render thread/WARN]: Missing sound for event: minecraft:entity.parrot.imitate.shulker
[12:05:03] [Render thread/WARN]: Missing sound for event: minecraft:entity.parrot.imitate.silverfish
[12:05:03] [Render thread/WARN]: Missing sound for event: minecraft:entity.parrot.imitate.skeleton
[12:05:03] [Render thread/WARN]: Missing sound for event: minecraft:entity.parrot.imitate.slime
[12:05:03] [Render thread/WARN]: Missing sound for event: minecraft:entity.parrot.imitate.spider
[12:05:03] [Render thread/WARN]: Missing sound for event: minecraft:entity.parrot.imitate.stray
[12:05:03] [Render thread/WARN]: Missing sound for event: minecraft:entity.parrot.imitate.vex
[12:05:03] [Render thread/WARN]: Missing sound for event: minecraft:entity.parrot.imitate.vindicator
[12:05:03] [Render thread/WARN]: Missing sound for event: minecraft:entity.parrot.imitate.warden
[12:05:03] [Render thread/WARN]: Missing sound for event: minecraft:entity.parrot.imitate.witch
[12:05:03] [Render thread/WARN]: Missing sound for event: minecraft:entity.parrot.imitate.wither
[12:05:03] [Render thread/WARN]: Missing sound for event: minecraft:entity.parrot.imitate.wither_skeleton
[12:05:03] [Render thread/WARN]: Missing sound for event: minecraft:entity.parrot.imitate.zoglin
[12:05:03] [Render thread/WARN]: Missing sound for event: minecraft:entity.parrot.imitate.zombie
[12:05:03] [Render thread/WARN]: Missing sound for event: minecraft:entity.parrot.imitate.zombie_villager
[12:05:03] [Render thread/WARN]: Missing sound for event: minecraft:entity.parrot.step
[12:05:03] [Render thread/WARN]: Missing sound for event: minecraft:entity.phantom.ambient
[12:05:03] [Render thread/WARN]: Missing sound for event: minecraft:entity.phantom.bite
[12:05:03] [Render thread/WARN]: Missing sound for event: minecraft:entity.phantom.death
[12:05:03] [Render thread/WARN]: Missing sound for event: minecraft:entity.phantom.flap
[12:05:03] [Render thread/WARN]: Missing sound for event: minecraft:entity.phantom.hurt
[12:05:03] [Render thread/WARN]: Missing sound for event: minecraft:entity.phantom.swoop
[12:05:03] [Render thread/WARN]: Missing sound for event: minecraft:entity.pig.ambient
[12:05:03] [Render thread/WARN]: Missing sound for event: minecraft:entity.pig.death
[12:05:03] [Render thread/WARN]: Missing sound for event: minecraft:entity.pig.hurt
[12:05:03] [Render thread/WARN]: Missing sound for event: minecraft:entity.pig.saddle
[12:05:03] [Render thread/WARN]: Missing sound for event: minecraft:entity.pig.step
[12:05:03] [Render thread/WARN]: Missing sound for event: minecraft:entity.piglin.admiring_item
[12:05:03] [Render thread/WARN]: Missing sound for event: minecraft:entity.piglin.ambient
[12:05:03] [Render thread/WARN]: Missing sound for event: minecraft:entity.piglin.angry
[12:05:03] [Render thread/WARN]: Missing sound for event: minecraft:entity.piglin.celebrate
[12:05:03] [Render thread/WARN]: Missing sound for event: minecraft:entity.piglin.death
[12:05:03] [Render thread/WARN]: Missing sound for event: minecraft:entity.piglin.jealous
[12:05:03] [Render thread/WARN]: Missing sound for event: minecraft:entity.piglin.hurt
[12:05:03] [Render thread/WARN]: Missing sound for event: minecraft:entity.piglin.retreat
[12:05:03] [Render thread/WARN]: Missing sound for event: minecraft:entity.piglin.step
[12:05:03] [Render thread/WARN]: Missing sound for event: minecraft:entity.piglin.converted_to_zombified
[12:05:03] [Render thread/WARN]: Missing sound for event: minecraft:entity.piglin_brute.ambient
[12:05:03] [Render thread/WARN]: Missing sound for event: minecraft:entity.piglin_brute.angry
[12:05:03] [Render thread/WARN]: Missing sound for event: minecraft:entity.piglin_brute.death
[12:05:03] [Render thread/WARN]: Missing sound for event: minecraft:entity.piglin_brute.hurt
[12:05:03] [Render thread/WARN]: Missing sound for event: minecraft:entity.piglin_brute.step
[12:05:03] [Render thread/WARN]: Missing sound for event: minecraft:entity.piglin_brute.converted_to_zombified
[12:05:03] [Render thread/WARN]: Missing sound for event: minecraft:entity.pillager.ambient
[12:05:03] [Render thread/WARN]: Missing sound for event: minecraft:entity.pillager.celebrate
[12:05:03] [Render thread/WARN]: Missing sound for event: minecraft:entity.pillager.death
[12:05:03] [Render thread/WARN]: Missing sound for event: minecraft:entity.pillager.hurt
[12:05:03] [Render thread/WARN]: Missing sound for event: minecraft:block.piston.contract
[12:05:03] [Render thread/WARN]: Missing sound for event: minecraft:block.piston.extend
[12:05:03] [Render thread/WARN]: Missing sound for event: minecraft:entity.player.attack.crit
[12:05:03] [Render thread/WARN]: Missing sound for event: minecraft:entity.player.attack.knockback
[12:05:03] [Render thread/WARN]: Missing sound for event: minecraft:entity.player.attack.nodamage
[12:05:03] [Render thread/WARN]: Missing sound for event: minecraft:entity.player.attack.strong
[12:05:03] [Render thread/WARN]: Missing sound for event: minecraft:entity.player.attack.sweep
[12:05:03] [Render thread/WARN]: Missing sound for event: minecraft:entity.player.attack.weak
[12:05:03] [Render thread/WARN]: Missing sound for event: minecraft:entity.player.big_fall
[12:05:03] [Render thread/WARN]: Missing sound for event: minecraft:entity.player.breath
[12:05:03] [Render thread/WARN]: Missing sound for event: minecraft:entity.player.burp
[12:05:03] [Render thread/WARN]: Missing sound for event: minecraft:entity.player.death
[12:05:03] [Render thread/WARN]: Missing sound for event: minecraft:entity.player.hurt
[12:05:03] [Render thread/WARN]: Missing sound for event: minecraft:entity.player.hurt_drown
[12:05:03] [Render thread/WARN]: Missing sound for event: minecraft:entity.player.hurt_freeze
[12:05:03] [Render thread/WARN]: Missing sound for event: minecraft:entity.player.hurt_on_fire
[12:05:03] [Render thread/WARN]: Missing sound for event: minecraft:entity.player.hurt_sweet_berry_bush
[12:05:03] [Render thread/WARN]: Missing sound for event: minecraft:entity.player.levelup
[12:05:03] [Render thread/WARN]: Missing sound for event: minecraft:entity.player.small_fall
[12:05:03] [Render thread/WARN]: Missing sound for event: minecraft:entity.player.splash
[12:05:03] [Render thread/WARN]: Missing sound for event: minecraft:entity.player.splash.high_speed
[12:05:03] [Render thread/WARN]: Missing sound for event: minecraft:entity.player.swim
[12:05:03] [Render thread/WARN]: Missing sound for event: minecraft:entity.player.teleport
[12:05:03] [Render thread/WARN]: Missing sound for event: minecraft:entity.polar_bear.ambient
[12:05:03] [Render thread/WARN]: Missing sound for event: minecraft:entity.polar_bear.ambient_baby
[12:05:03] [Render thread/WARN]: Missing sound for event: minecraft:entity.polar_bear.death
[12:05:03] [Render thread/WARN]: Missing sound for event: minecraft:entity.polar_bear.hurt
[12:05:03] [Render thread/WARN]: Missing sound for event: minecraft:entity.polar_bear.step
[12:05:03] [Render thread/WARN]: Missing sound for event: minecraft:entity.polar_bear.warning
[12:05:03] [Render thread/WARN]: Missing sound for event: minecraft:block.polished_deepslate.break
[12:05:03] [Render thread/WARN]: Missing sound for event: minecraft:block.polished_deepslate.fall
[12:05:03] [Render thread/WARN]: Missing sound for event: minecraft:block.polished_deepslate.hit
[12:05:03] [Render thread/WARN]: Missing sound for event: minecraft:block.polished_deepslate.place
[12:05:03] [Render thread/WARN]: Missing sound for event: minecraft:block.polished_deepslate.step
[12:05:03] [Render thread/WARN]: Missing sound for event: minecraft:block.portal.ambient
[12:05:03] [Render thread/WARN]: Missing sound for event: minecraft:block.portal.travel
[12:05:03] [Render thread/WARN]: Missing sound for event: minecraft:block.portal.trigger
[12:05:03] [Render thread/WARN]: Missing sound for event: minecraft:block.powder_snow.break
[12:05:03] [Render thread/WARN]: Missing sound for event: minecraft:block.powder_snow.fall
[12:05:03] [Render thread/WARN]: Missing sound for event: minecraft:block.powder_snow.hit
[12:05:03] [Render thread/WARN]: Missing sound for event: minecraft:block.powder_snow.place
[12:05:03] [Render thread/WARN]: Missing sound for event: minecraft:block.powder_snow.step
[12:05:03] [Render thread/WARN]: Missing sound for event: minecraft:entity.puffer_fish.ambient
[12:05:03] [Render thread/WARN]: Missing sound for event: minecraft:entity.puffer_fish.blow_out
[12:05:03] [Render thread/WARN]: Missing sound for event: minecraft:entity.puffer_fish.blow_up
[12:05:03] [Render thread/WARN]: Missing sound for event: minecraft:entity.puffer_fish.death
[12:05:03] [Render thread/WARN]: Missing sound for event: minecraft:entity.puffer_fish.flop
[12:05:03] [Render thread/WARN]: Missing sound for event: minecraft:entity.puffer_fish.hurt
[12:05:03] [Render thread/WARN]: Missing sound for event: minecraft:entity.puffer_fish.sting
[12:05:03] [Render thread/WARN]: Missing sound for event: minecraft:block.pumpkin.carve
[12:05:03] [Render thread/WARN]: Missing sound for event: minecraft:entity.rabbit.ambient
[12:05:03] [Render thread/WARN]: Missing sound for event: minecraft:entity.rabbit.attack
[12:05:03] [Render thread/WARN]: Missing sound for event: minecraft:entity.rabbit.death
[12:05:03] [Render thread/WARN]: Missing sound for event: minecraft:entity.rabbit.hurt
[12:05:03] [Render thread/WARN]: Missing sound for event: minecraft:entity.rabbit.jump
[12:05:03] [Render thread/WARN]: Missing sound for event: minecraft:event.raid.horn
[12:05:03] [Render thread/WARN]: Missing sound for event: minecraft:entity.ravager.ambient
[12:05:03] [Render thread/WARN]: Missing sound for event: minecraft:entity.ravager.attack
[12:05:03] [Render thread/WARN]: Missing sound for event: minecraft:entity.ravager.celebrate
[12:05:03] [Render thread/WARN]: Missing sound for event: minecraft:entity.ravager.death
[12:05:03] [Render thread/WARN]: Missing sound for event: minecraft:entity.ravager.hurt
[12:05:03] [Render thread/WARN]: Missing sound for event: minecraft:entity.ravager.step
[12:05:03] [Render thread/WARN]: Missing sound for event: minecraft:entity.ravager.stunned
[12:05:03] [Render thread/WARN]: Missing sound for event: minecraft:entity.ravager.roar
[12:05:03] [Render thread/WARN]: Missing sound for event: minecraft:block.nether_gold_ore.break
[12:05:03] [Render thread/WARN]: Missing sound for event: minecraft:block.nether_gold_ore.fall
[12:05:03] [Render thread/WARN]: Missing sound for event: minecraft:block.nether_gold_ore.hit
[12:05:03] [Render thread/WARN]: Missing sound for event: minecraft:block.nether_gold_ore.place
[12:05:03] [Render thread/WARN]: Missing sound for event: minecraft:block.nether_gold_ore.step
[12:05:03] [Render thread/WARN]: Missing sound for event: minecraft:block.nether_ore.break
[12:05:03] [Render thread/WARN]: Missing sound for event: minecraft:block.nether_ore.fall
[12:05:03] [Render thread/WARN]: Missing sound for event: minecraft:block.nether_ore.hit
[12:05:03] [Render thread/WARN]: Missing sound for event: minecraft:block.nether_ore.place
[12:05:03] [Render thread/WARN]: Missing sound for event: minecraft:block.nether_ore.step
[12:05:03] [Render thread/WARN]: Missing sound for event: minecraft:block.redstone_torch.burnout
[12:05:03] [Render thread/WARN]: Missing sound for event: minecraft:block.respawn_anchor.ambient
[12:05:03] [Render thread/WARN]: Missing sound for event: minecraft:block.respawn_anchor.charge
[12:05:03] [Render thread/WARN]: Missing sound for event: minecraft:block.respawn_anchor.deplete
[12:05:03] [Render thread/WARN]: Missing sound for event: minecraft:block.respawn_anchor.set_spawn
[12:05:03] [Render thread/WARN]: Missing sound for event: minecraft:block.rooted_dirt.break
[12:05:03] [Render thread/WARN]: Missing sound for event: minecraft:block.rooted_dirt.fall
[12:05:03] [Render thread/WARN]: Missing sound for event: minecraft:block.rooted_dirt.hit
[12:05:03] [Render thread/WARN]: Missing sound for event: minecraft:block.rooted_dirt.place
[12:05:03] [Render thread/WARN]: Missing sound for event: minecraft:block.rooted_dirt.step
[12:05:03] [Render thread/WARN]: Missing sound for event: minecraft:entity.salmon.ambient
[12:05:03] [Render thread/WARN]: Missing sound for event: minecraft:entity.salmon.death
[12:05:03] [Render thread/WARN]: Missing sound for event: minecraft:entity.salmon.flop
[12:05:03] [Render thread/WARN]: Missing sound for event: minecraft:entity.salmon.hurt
[12:05:03] [Render thread/WARN]: Missing sound for event: minecraft:block.sand.break
[12:05:03] [Render thread/WARN]: Missing sound for event: minecraft:block.sand.fall
[12:05:03] [Render thread/WARN]: Missing sound for event: minecraft:block.sand.hit
[12:05:03] [Render thread/WARN]: Missing sound for event: minecraft:block.sand.place
[12:05:03] [Render thread/WARN]: Missing sound for event: minecraft:block.sand.step
[12:05:03] [Render thread/WARN]: Missing sound for event: minecraft:block.scaffolding.break
[12:05:03] [Render thread/WARN]: Missing sound for event: minecraft:block.scaffolding.fall
[12:05:03] [Render thread/WARN]: Missing sound for event: minecraft:block.scaffolding.hit
[12:05:03] [Render thread/WARN]: Missing sound for event: minecraft:block.scaffolding.place
[12:05:03] [Render thread/WARN]: Missing sound for event: minecraft:block.scaffolding.step
[12:05:03] [Render thread/WARN]: Missing sound for event: minecraft:block.sculk.spread
[12:05:03] [Render thread/WARN]: Missing sound for event: minecraft:block.sculk.charge
[12:05:03] [Render thread/WARN]: Missing sound for event: minecraft:block.sculk.break
[12:05:03] [Render thread/WARN]: Missing sound for event: minecraft:block.sculk.fall
[12:05:03] [Render thread/WARN]: Missing sound for event: minecraft:block.sculk.hit
[12:05:03] [Render thread/WARN]: Missing sound for event: minecraft:block.sculk.place
[12:05:03] [Render thread/WARN]: Missing sound for event: minecraft:block.sculk.step
[12:05:03] [Render thread/WARN]: Missing sound for event: minecraft:block.sculk_catalyst.bloom
[12:05:03] [Render thread/WARN]: Missing sound for event: minecraft:block.sculk_catalyst.break
[12:05:03] [Render thread/WARN]: Missing sound for event: minecraft:block.sculk_catalyst.fall
[12:05:03] [Render thread/WARN]: Missing sound for event: minecraft:block.sculk_catalyst.hit
[12:05:03] [Render thread/WARN]: Missing sound for event: minecraft:block.sculk_catalyst.place
[12:05:03] [Render thread/WARN]: Missing sound for event: minecraft:block.sculk_catalyst.step
[12:05:03] [Render thread/WARN]: Missing sound for event: minecraft:block.sculk_sensor.clicking
[12:05:03] [Render thread/WARN]: Missing sound for event: minecraft:block.sculk_sensor.clicking_stop
[12:05:03] [Render thread/WARN]: Missing sound for event: minecraft:block.sculk_sensor.break
[12:05:03] [Render thread/WARN]: Missing sound for event: minecraft:block.sculk_sensor.fall
[12:05:03] [Render thread/WARN]: Missing sound for event: minecraft:block.sculk_sensor.hit
[12:05:03] [Render thread/WARN]: Missing sound for event: minecraft:block.sculk_sensor.place
[12:05:03] [Render thread/WARN]: Missing sound for event: minecraft:block.sculk_sensor.step
[12:05:03] [Render thread/WARN]: Missing sound for event: minecraft:block.sculk_shrieker.break
[12:05:03] [Render thread/WARN]: Missing sound for event: minecraft:block.sculk_shrieker.fall
[12:05:03] [Render thread/WARN]: Missing sound for event: minecraft:block.sculk_shrieker.hit
[12:05:03] [Render thread/WARN]: Missing sound for event: minecraft:block.sculk_shrieker.place
[12:05:03] [Render thread/WARN]: Missing sound for event: minecraft:block.sculk_shrieker.shriek
[12:05:03] [Render thread/WARN]: Missing sound for event: minecraft:block.sculk_shrieker.step
[12:05:03] [Render thread/WARN]: Missing sound for event: minecraft:block.sculk_vein.break
[12:05:03] [Render thread/WARN]: Missing sound for event: minecraft:block.sculk_vein.fall
[12:05:03] [Render thread/WARN]: Missing sound for event: minecraft:block.sculk_vein.hit
[12:05:03] [Render thread/WARN]: Missing sound for event: minecraft:block.sculk_vein.place
[12:05:03] [Render thread/WARN]: Missing sound for event: minecraft:block.sculk_vein.step
[12:05:03] [Render thread/WARN]: Missing sound for event: minecraft:entity.sheep.ambient
[12:05:03] [Render thread/WARN]: Missing sound for event: minecraft:entity.sheep.death
[12:05:03] [Render thread/WARN]: Missing sound for event: minecraft:entity.sheep.hurt
[12:05:03] [Render thread/WARN]: Missing sound for event: minecraft:entity.sheep.shear
[12:05:03] [Render thread/WARN]: Missing sound for event: minecraft:entity.sheep.step
[12:05:03] [Render thread/WARN]: Missing sound for event: minecraft:item.shield.block
[12:05:03] [Render thread/WARN]: Missing sound for event: minecraft:item.shield.break
[12:05:03] [Render thread/WARN]: Missing sound for event: minecraft:block.shroomlight.break
[12:05:03] [Render thread/WARN]: Missing sound for event: minecraft:block.shroomlight.step
[12:05:03] [Render thread/WARN]: Missing sound for event: minecraft:block.shroomlight.place
[12:05:03] [Render thread/WARN]: Missing sound for event: minecraft:block.shroomlight.hit
[12:05:03] [Render thread/WARN]: Missing sound for event: minecraft:block.shroomlight.fall
[12:05:03] [Render thread/WARN]: Missing sound for event: minecraft:item.shovel.flatten
[12:05:03] [Render thread/WARN]: Missing sound for event: minecraft:entity.shulker.ambient
[12:05:03] [Render thread/WARN]: Missing sound for event: minecraft:block.shulker_box.close
[12:05:03] [Render thread/WARN]: Missing sound for event: minecraft:block.shulker_box.open
[12:05:03] [Render thread/WARN]: Missing sound for event: minecraft:entity.shulker_bullet.hit
[12:05:03] [Render thread/WARN]: Missing sound for event: minecraft:entity.shulker_bullet.hurt
[12:05:03] [Render thread/WARN]: Missing sound for event: minecraft:entity.shulker.close
[12:05:03] [Render thread/WARN]: Missing sound for event: minecraft:entity.shulker.death
[12:05:03] [Render thread/WARN]: Missing sound for event: minecraft:entity.shulker.hurt
[12:05:03] [Render thread/WARN]: Missing sound for event: minecraft:entity.shulker.hurt_closed
[12:05:03] [Render thread/WARN]: Missing sound for event: minecraft:entity.shulker.open
[12:05:03] [Render thread/WARN]: Missing sound for event: minecraft:entity.shulker.shoot
[12:05:03] [Render thread/WARN]: Missing sound for event: minecraft:entity.shulker.teleport
[12:05:03] [Render thread/WARN]: Missing sound for event: minecraft:entity.silverfish.ambient
[12:05:03] [Render thread/WARN]: Missing sound for event: minecraft:entity.silverfish.death
[12:05:03] [Render thread/WARN]: Missing sound for event: minecraft:entity.silverfish.hurt
[12:05:03] [Render thread/WARN]: Missing sound for event: minecraft:entity.silverfish.step
[12:05:03] [Render thread/WARN]: Missing sound for event: minecraft:entity.skeleton.ambient
[12:05:03] [Render thread/WARN]: Missing sound for event: minecraft:entity.skeleton.converted_to_stray
[12:05:03] [Render thread/WARN]: Missing sound for event: minecraft:entity.skeleton.death
[12:05:03] [Render thread/WARN]: Missing sound for event: minecraft:entity.skeleton_horse.ambient
[12:05:03] [Render thread/WARN]: Missing sound for event: minecraft:entity.skeleton_horse.death
[12:05:03] [Render thread/WARN]: Missing sound for event: minecraft:entity.skeleton_horse.hurt
[12:05:03] [Render thread/WARN]: Missing sound for event: minecraft:entity.skeleton_horse.swim
[12:05:03] [Render thread/WARN]: Missing sound for event: minecraft:entity.skeleton_horse.ambient_water
[12:05:03] [Render thread/WARN]: Missing sound for event: minecraft:entity.skeleton_horse.gallop_water
[12:05:03] [Render thread/WARN]: Missing sound for event: minecraft:entity.skeleton_horse.jump_water
[12:05:03] [Render thread/WARN]: Missing sound for event: minecraft:entity.skeleton_horse.step_water
[12:05:03] [Render thread/WARN]: Missing sound for event: minecraft:entity.skeleton.hurt
[12:05:03] [Render thread/WARN]: Missing sound for event: minecraft:entity.skeleton.shoot
[12:05:03] [Render thread/WARN]: Missing sound for event: minecraft:entity.skeleton.step
[12:05:03] [Render thread/WARN]: Missing sound for event: minecraft:entity.slime.attack
[12:05:03] [Render thread/WARN]: Missing sound for event: minecraft:entity.slime.death
[12:05:03] [Render thread/WARN]: Missing sound for event: minecraft:entity.slime.hurt
[12:05:03] [Render thread/WARN]: Missing sound for event: minecraft:entity.slime.jump
[12:05:03] [Render thread/WARN]: Missing sound for event: minecraft:entity.slime.squish
[12:05:03] [Render thread/WARN]: Missing sound for event: minecraft:block.slime_block.break
[12:05:03] [Render thread/WARN]: Missing sound for event: minecraft:block.slime_block.fall
[12:05:03] [Render thread/WARN]: Missing sound for event: minecraft:block.slime_block.hit
[12:05:03] [Render thread/WARN]: Missing sound for event: minecraft:block.slime_block.place
[12:05:03] [Render thread/WARN]: Missing sound for event: minecraft:block.slime_block.step
[12:05:03] [Render thread/WARN]: Missing sound for event: minecraft:block.small_amethyst_bud.break
[12:05:03] [Render thread/WARN]: Missing sound for event: minecraft:block.small_amethyst_bud.place
[12:05:03] [Render thread/WARN]: Missing sound for event: minecraft:block.small_dripleaf.break
[12:05:03] [Render thread/WARN]: Missing sound for event: minecraft:block.small_dripleaf.fall
[12:05:03] [Render thread/WARN]: Missing sound for event: minecraft:block.small_dripleaf.hit
[12:05:03] [Render thread/WARN]: Missing sound for event: minecraft:block.small_dripleaf.place
[12:05:03] [Render thread/WARN]: Missing sound for event: minecraft:block.small_dripleaf.step
[12:05:03] [Render thread/WARN]: Missing sound for event: minecraft:block.soul_sand.break
[12:05:03] [Render thread/WARN]: Missing sound for event: minecraft:block.soul_sand.step
[12:05:03] [Render thread/WARN]: Missing sound for event: minecraft:block.soul_sand.place
[12:05:03] [Render thread/WARN]: Missing sound for event: minecraft:block.soul_sand.hit
[12:05:03] [Render thread/WARN]: Missing sound for event: minecraft:block.soul_sand.fall
[12:05:03] [Render thread/WARN]: Missing sound for event: minecraft:block.soul_soil.break
[12:05:03] [Render thread/WARN]: Missing sound for event: minecraft:block.soul_soil.step
[12:05:03] [Render thread/WARN]: Missing sound for event: minecraft:block.soul_soil.place
[12:05:03] [Render thread/WARN]: Missing sound for event: minecraft:block.soul_soil.hit
[12:05:03] [Render thread/WARN]: Missing sound for event: minecraft:block.soul_soil.fall
[12:05:03] [Render thread/WARN]: Missing sound for event: minecraft:particle.soul_escape
[12:05:03] [Render thread/WARN]: Missing sound for event: minecraft:block.spawner.break
[12:05:03] [Render thread/WARN]: Missing sound for event: minecraft:block.spawner.fall
[12:05:03] [Render thread/WARN]: Missing sound for event: minecraft:block.spawner.hit
[12:05:03] [Render thread/WARN]: Missing sound for event: minecraft:block.spawner.place
[12:05:03] [Render thread/WARN]: Missing sound for event: minecraft:block.spawner.step
[12:05:03] [Render thread/WARN]: Missing sound for event: minecraft:block.spore_blossom.break
[12:05:03] [Render thread/WARN]: Missing sound for event: minecraft:block.spore_blossom.fall
[12:05:03] [Render thread/WARN]: Missing sound for event: minecraft:block.spore_blossom.hit
[12:05:03] [Render thread/WARN]: Missing sound for event: minecraft:block.spore_blossom.place
[12:05:03] [Render thread/WARN]: Missing sound for event: minecraft:block.spore_blossom.step
[12:05:03] [Render thread/WARN]: Missing sound for event: minecraft:entity.strider.ambient
[12:05:03] [Render thread/WARN]: Missing sound for event: minecraft:entity.strider.happy
[12:05:03] [Render thread/WARN]: Missing sound for event: minecraft:entity.strider.retreat
[12:05:03] [Render thread/WARN]: Missing sound for event: minecraft:entity.strider.death
[12:05:03] [Render thread/WARN]: Missing sound for event: minecraft:entity.strider.hurt
[12:05:03] [Render thread/WARN]: Missing sound for event: minecraft:entity.strider.step
[12:05:03] [Render thread/WARN]: Missing sound for event: minecraft:entity.strider.step_lava
[12:05:03] [Render thread/WARN]: Missing sound for event: minecraft:entity.strider.eat
[12:05:03] [Render thread/WARN]: Missing sound for event: minecraft:entity.strider.saddle
[12:05:03] [Render thread/WARN]: Missing sound for event: minecraft:entity.slime.death_small
[12:05:03] [Render thread/WARN]: Missing sound for event: minecraft:entity.slime.hurt_small
[12:05:03] [Render thread/WARN]: Missing sound for event: minecraft:entity.slime.jump_small
[12:05:03] [Render thread/WARN]: Missing sound for event: minecraft:entity.slime.squish_small
[12:05:03] [Render thread/WARN]: Missing sound for event: minecraft:block.smithing_table.use
[12:05:03] [Render thread/WARN]: Missing sound for event: minecraft:block.smoker.smoke
[12:05:03] [Render thread/WARN]: Missing sound for event: minecraft:entity.sniffer.step
[12:05:03] [Render thread/WARN]: Missing sound for event: minecraft:entity.sniffer.eat
[12:05:03] [Render thread/WARN]: Missing sound for event: minecraft:entity.sniffer.idle
[12:05:03] [Render thread/WARN]: Missing sound for event: minecraft:entity.sniffer.hurt
[12:05:03] [Render thread/WARN]: Missing sound for event: minecraft:entity.sniffer.death
[12:05:03] [Render thread/WARN]: Missing sound for event: minecraft:entity.sniffer.drop_seed
[12:05:03] [Render thread/WARN]: Missing sound for event: minecraft:entity.sniffer.scenting
[12:05:03] [Render thread/WARN]: Missing sound for event: minecraft:entity.sniffer.sniffing
[12:05:03] [Render thread/WARN]: Missing sound for event: minecraft:entity.sniffer.searching
[12:05:03] [Render thread/WARN]: Missing sound for event: minecraft:entity.sniffer.digging
[12:05:03] [Render thread/WARN]: Missing sound for event: minecraft:entity.sniffer.digging_stop
[12:05:03] [Render thread/WARN]: Missing sound for event: minecraft:entity.sniffer.happy
[12:05:03] [Render thread/WARN]: Missing sound for event: minecraft:block.sniffer_egg.plop
[12:05:03] [Render thread/WARN]: Missing sound for event: minecraft:block.sniffer_egg.crack
[12:05:03] [Render thread/WARN]: Missing sound for event: minecraft:block.sniffer_egg.hatch
[12:05:03] [Render thread/WARN]: Missing sound for event: minecraft:entity.snowball.throw
[12:05:03] [Render thread/WARN]: Missing sound for event: minecraft:block.snow.break
[12:05:03] [Render thread/WARN]: Missing sound for event: minecraft:block.snow.fall
[12:05:03] [Render thread/WARN]: Missing sound for event: minecraft:entity.snow_golem.ambient
[12:05:03] [Render thread/WARN]: Missing sound for event: minecraft:entity.snow_golem.death
[12:05:03] [Render thread/WARN]: Missing sound for event: minecraft:entity.snow_golem.hurt
[12:05:03] [Render thread/WARN]: Missing sound for event: minecraft:entity.snow_golem.shoot
[12:05:03] [Render thread/WARN]: Missing sound for event: minecraft:entity.snow_golem.shear
[12:05:03] [Render thread/WARN]: Missing sound for event: minecraft:block.snow.hit
[12:05:03] [Render thread/WARN]: Missing sound for event: minecraft:block.snow.place
[12:05:03] [Render thread/WARN]: Missing sound for event: minecraft:block.snow.step
[12:05:03] [Render thread/WARN]: Missing sound for event: minecraft:entity.spider.ambient
[12:05:03] [Render thread/WARN]: Missing sound for event: minecraft:entity.spider.death
[12:05:03] [Render thread/WARN]: Missing sound for event: minecraft:entity.spider.hurt
[12:05:03] [Render thread/WARN]: Missing sound for event: minecraft:entity.spider.step
[12:05:03] [Render thread/WARN]: Missing sound for event: minecraft:entity.splash_potion.break
[12:05:03] [Render thread/WARN]: Missing sound for event: minecraft:entity.splash_potion.throw
[12:05:03] [Render thread/WARN]: Missing sound for event: minecraft:block.sponge.break
[12:05:03] [Render thread/WARN]: Missing sound for event: minecraft:block.sponge.fall
[12:05:03] [Render thread/WARN]: Missing sound for event: minecraft:block.sponge.hit
[12:05:03] [Render thread/WARN]: Missing sound for event: minecraft:block.sponge.place
[12:05:03] [Render thread/WARN]: Missing sound for event: minecraft:block.sponge.step
[12:05:03] [Render thread/WARN]: Missing sound for event: minecraft:block.sponge.absorb
[12:05:03] [Render thread/WARN]: Missing sound for event: minecraft:item.spyglass.use
[12:05:03] [Render thread/WARN]: Missing sound for event: minecraft:item.spyglass.stop_using
[12:05:03] [Render thread/WARN]: Missing sound for event: minecraft:entity.squid.ambient
[12:05:03] [Render thread/WARN]: Missing sound for event: minecraft:entity.squid.death
[12:05:03] [Render thread/WARN]: Missing sound for event: minecraft:entity.squid.hurt
[12:05:03] [Render thread/WARN]: Missing sound for event: minecraft:entity.squid.squirt
[12:05:03] [Render thread/WARN]: Missing sound for event: minecraft:block.stone.break
[12:05:03] [Render thread/WARN]: Missing sound for event: minecraft:block.stone_button.click_off
[12:05:03] [Render thread/WARN]: Missing sound for event: minecraft:block.stone_button.click_on
[12:05:03] [Render thread/WARN]: Missing sound for event: minecraft:block.stone.fall
[12:05:03] [Render thread/WARN]: Missing sound for event: minecraft:block.stone.hit
[12:05:03] [Render thread/WARN]: Missing sound for event: minecraft:block.stone.place
[12:05:03] [Render thread/WARN]: Missing sound for event: minecraft:block.stone_pressure_plate.click_off
[12:05:03] [Render thread/WARN]: Missing sound for event: minecraft:block.stone_pressure_plate.click_on
[12:05:03] [Render thread/WARN]: Missing sound for event: minecraft:block.stone.step
[12:05:03] [Render thread/WARN]: Missing sound for event: minecraft:entity.stray.ambient
[12:05:03] [Render thread/WARN]: Missing sound for event: minecraft:entity.stray.death
[12:05:03] [Render thread/WARN]: Missing sound for event: minecraft:entity.stray.hurt
[12:05:03] [Render thread/WARN]: Missing sound for event: minecraft:entity.stray.step
[12:05:03] [Render thread/WARN]: Missing sound for event: minecraft:block.sweet_berry_bush.break
[12:05:03] [Render thread/WARN]: Missing sound for event: minecraft:block.sweet_berry_bush.place
[12:05:03] [Render thread/WARN]: Missing sound for event: minecraft:block.sweet_berry_bush.pick_berries
[12:05:03] [Render thread/WARN]: Missing sound for event: minecraft:entity.tadpole.death
[12:05:03] [Render thread/WARN]: Missing sound for event: minecraft:entity.tadpole.flop
[12:05:03] [Render thread/WARN]: Missing sound for event: minecraft:entity.tadpole.grow_up
[12:05:03] [Render thread/WARN]: Missing sound for event: minecraft:entity.tadpole.hurt
[12:05:03] [Render thread/WARN]: Missing sound for event: minecraft:enchant.thorns.hit
[12:05:03] [Render thread/WARN]: Missing sound for event: minecraft:entity.tnt.primed
[12:05:03] [Render thread/WARN]: Missing sound for event: minecraft:item.totem.use
[12:05:03] [Render thread/WARN]: Missing sound for event: minecraft:item.trident.hit
[12:05:03] [Render thread/WARN]: Missing sound for event: minecraft:item.trident.hit_ground
[12:05:03] [Render thread/WARN]: Missing sound for event: minecraft:item.trident.return
[12:05:03] [Render thread/WARN]: Missing sound for event: minecraft:item.trident.riptide_1
[12:05:03] [Render thread/WARN]: Missing sound for event: minecraft:item.trident.riptide_2
[12:05:03] [Render thread/WARN]: Missing sound for event: minecraft:item.trident.riptide_3
[12:05:03] [Render thread/WARN]: Missing sound for event: minecraft:item.trident.throw
[12:05:03] [Render thread/WARN]: Missing sound for event: minecraft:item.trident.thunder
[12:05:03] [Render thread/WARN]: Missing sound for event: minecraft:block.tripwire.attach
[12:05:03] [Render thread/WARN]: Missing sound for event: minecraft:block.tripwire.click_off
[12:05:03] [Render thread/WARN]: Missing sound for event: minecraft:block.tripwire.click_on
[12:05:03] [Render thread/WARN]: Missing sound for event: minecraft:block.tripwire.detach
[12:05:03] [Render thread/WARN]: Missing sound for event: minecraft:entity.tropical_fish.ambient
[12:05:03] [Render thread/WARN]: Missing sound for event: minecraft:entity.tropical_fish.death
[12:05:03] [Render thread/WARN]: Missing sound for event: minecraft:entity.tropical_fish.flop
[12:05:03] [Render thread/WARN]: Missing sound for event: minecraft:entity.tropical_fish.hurt
[12:05:03] [Render thread/WARN]: Missing sound for event: minecraft:block.tuff.break
[12:05:03] [Render thread/WARN]: Missing sound for event: minecraft:block.tuff.step
[12:05:03] [Render thread/WARN]: Missing sound for event: minecraft:block.tuff.place
[12:05:03] [Render thread/WARN]: Missing sound for event: minecraft:block.tuff.hit
[12:05:03] [Render thread/WARN]: Missing sound for event: minecraft:block.tuff.fall
[12:05:03] [Render thread/WARN]: Missing sound for event: minecraft:block.tuff_bricks.break
[12:05:03] [Render thread/WARN]: Missing sound for event: minecraft:block.tuff_bricks.fall
[12:05:03] [Render thread/WARN]: Missing sound for event: minecraft:block.tuff_bricks.hit
[12:05:03] [Render thread/WARN]: Missing sound for event: minecraft:block.tuff_bricks.place
[12:05:03] [Render thread/WARN]: Missing sound for event: minecraft:block.tuff_bricks.step
[12:05:03] [Render thread/WARN]: Missing sound for event: minecraft:block.polished_tuff.break
[12:05:03] [Render thread/WARN]: Missing sound for event: minecraft:block.polished_tuff.fall
[12:05:03] [Render thread/WARN]: Missing sound for event: minecraft:block.polished_tuff.hit
[12:05:03] [Render thread/WARN]: Missing sound for event: minecraft:block.polished_tuff.place
[12:05:03] [Render thread/WARN]: Missing sound for event: minecraft:block.polished_tuff.step
[12:05:03] [Render thread/WARN]: Missing sound for event: minecraft:entity.turtle.ambient_land
[12:05:03] [Render thread/WARN]: Missing sound for event: minecraft:entity.turtle.death
[12:05:03] [Render thread/WARN]: Missing sound for event: minecraft:entity.turtle.death_baby
[12:05:03] [Render thread/WARN]: Missing sound for event: minecraft:entity.turtle.egg_break
[12:05:03] [Render thread/WARN]: Missing sound for event: minecraft:entity.turtle.egg_crack
[12:05:03] [Render thread/WARN]: Missing sound for event: minecraft:entity.turtle.egg_hatch
[12:05:03] [Render thread/WARN]: Missing sound for event: minecraft:entity.turtle.hurt
[12:05:03] [Render thread/WARN]: Missing sound for event: minecraft:entity.turtle.hurt_baby
[12:05:03] [Render thread/WARN]: Missing sound for event: minecraft:entity.turtle.lay_egg
[12:05:03] [Render thread/WARN]: Missing sound for event: minecraft:entity.turtle.shamble
[12:05:03] [Render thread/WARN]: Missing sound for event: minecraft:entity.turtle.shamble_baby
[12:05:03] [Render thread/WARN]: Missing sound for event: minecraft:entity.turtle.swim
[12:05:03] [Render thread/WARN]: Missing sound for event: minecraft:ui.button.click
[12:05:03] [Render thread/WARN]: Missing sound for event: minecraft:ui.loom.select_pattern
[12:05:03] [Render thread/WARN]: Missing sound for event: minecraft:ui.loom.take_result
[12:05:03] [Render thread/WARN]: Missing sound for event: minecraft:ui.cartography_table.take_result
[12:05:03] [Render thread/WARN]: Missing sound for event: minecraft:ui.stonecutter.take_result
[12:05:03] [Render thread/WARN]: Missing sound for event: minecraft:ui.stonecutter.select_recipe
[12:05:03] [Render thread/WARN]: Missing sound for event: minecraft:ui.toast.challenge_complete
[12:05:03] [Render thread/WARN]: Missing sound for event: minecraft:ui.toast.in
[12:05:03] [Render thread/WARN]: Missing sound for event: minecraft:ui.toast.out
[12:05:03] [Render thread/WARN]: Missing sound for event: minecraft:block.vault.activate
[12:05:03] [Render thread/WARN]: Missing sound for event: minecraft:block.vault.ambient
[12:05:03] [Render thread/WARN]: Missing sound for event: minecraft:block.vault.break
[12:05:03] [Render thread/WARN]: Missing sound for event: minecraft:block.vault.close_shutter
[12:05:03] [Render thread/WARN]: Missing sound for event: minecraft:block.vault.deactivate
[12:05:03] [Render thread/WARN]: Missing sound for event: minecraft:block.vault.eject_item
[12:05:03] [Render thread/WARN]: Missing sound for event: minecraft:block.vault.reject_rewarded_player
[12:05:03] [Render thread/WARN]: Missing sound for event: minecraft:block.vault.fall
[12:05:03] [Render thread/WARN]: Missing sound for event: minecraft:block.vault.hit
[12:05:03] [Render thread/WARN]: Missing sound for event: minecraft:block.vault.insert_item
[12:05:03] [Render thread/WARN]: Missing sound for event: minecraft:block.vault.insert_item_fail
[12:05:03] [Render thread/WARN]: Missing sound for event: minecraft:block.vault.open_shutter
[12:05:03] [Render thread/WARN]: Missing sound for event: minecraft:block.vault.place
[12:05:03] [Render thread/WARN]: Missing sound for event: minecraft:block.vault.step
[12:05:03] [Render thread/WARN]: Missing sound for event: minecraft:entity.vex.ambient
[12:05:03] [Render thread/WARN]: Missing sound for event: minecraft:entity.vex.charge
[12:05:03] [Render thread/WARN]: Missing sound for event: minecraft:entity.vex.death
[12:05:03] [Render thread/WARN]: Missing sound for event: minecraft:entity.vex.hurt
[12:05:03] [Render thread/WARN]: Missing sound for event: minecraft:entity.villager.ambient
[12:05:03] [Render thread/WARN]: Missing sound for event: minecraft:entity.villager.celebrate
[12:05:03] [Render thread/WARN]: Missing sound for event: minecraft:entity.villager.death
[12:05:03] [Render thread/WARN]: Missing sound for event: minecraft:entity.villager.hurt
[12:05:03] [Render thread/WARN]: Missing sound for event: minecraft:entity.villager.no
[12:05:03] [Render thread/WARN]: Missing sound for event: minecraft:entity.villager.trade
[12:05:03] [Render thread/WARN]: Missing sound for event: minecraft:entity.villager.yes
[12:05:03] [Render thread/WARN]: Missing sound for event: minecraft:entity.villager.work_armorer
[12:05:03] [Render thread/WARN]: Missing sound for event: minecraft:entity.villager.work_butcher
[12:05:03] [Render thread/WARN]: Missing sound for event: minecraft:entity.villager.work_cartographer
[12:05:03] [Render thread/WARN]: Missing sound for event: minecraft:entity.villager.work_cleric
[12:05:03] [Render thread/WARN]: Missing sound for event: minecraft:entity.villager.work_farmer
[12:05:03] [Render thread/WARN]: Missing sound for event: minecraft:entity.villager.work_fisherman
[12:05:03] [Render thread/WARN]: Missing sound for event: minecraft:entity.villager.work_fletcher
[12:05:03] [Render thread/WARN]: Missing sound for event: minecraft:entity.villager.work_leatherworker
[12:05:03] [Render thread/WARN]: Missing sound for event: minecraft:entity.villager.work_librarian
[12:05:03] [Render thread/WARN]: Missing sound for event: minecraft:entity.villager.work_mason
[12:05:03] [Render thread/WARN]: Missing sound for event: minecraft:entity.villager.work_shepherd
[12:05:03] [Render thread/WARN]: Missing sound for event: minecraft:entity.villager.work_toolsmith
[12:05:03] [Render thread/WARN]: Missing sound for event: minecraft:entity.villager.work_weaponsmith
[12:05:03] [Render thread/WARN]: Missing sound for event: minecraft:entity.vindicator.ambient
[12:05:03] [Render thread/WARN]: Missing sound for event: minecraft:entity.vindicator.celebrate
[12:05:03] [Render thread/WARN]: Missing sound for event: minecraft:entity.vindicator.death
[12:05:03] [Render thread/WARN]: Missing sound for event: minecraft:entity.vindicator.hurt
[12:05:03] [Render thread/WARN]: Missing sound for event: minecraft:block.vine.break
[12:05:03] [Render thread/WARN]: Missing sound for event: minecraft:block.vine.fall
[12:05:03] [Render thread/WARN]: Missing sound for event: minecraft:block.vine.hit
[12:05:03] [Render thread/WARN]: Missing sound for event: minecraft:block.vine.place
[12:05:03] [Render thread/WARN]: Missing sound for event: minecraft:block.vine.step
[12:05:03] [Render thread/WARN]: Missing sound for event: minecraft:block.lily_pad.place
[12:05:03] [Render thread/WARN]: Missing sound for event: minecraft:entity.wandering_trader.ambient
[12:05:03] [Render thread/WARN]: Missing sound for event: minecraft:entity.wandering_trader.death
[12:05:03] [Render thread/WARN]: Missing sound for event: minecraft:entity.wandering_trader.disappeared
[12:05:03] [Render thread/WARN]: Missing sound for event: minecraft:entity.wandering_trader.drink_milk
[12:05:03] [Render thread/WARN]: Missing sound for event: minecraft:entity.wandering_trader.drink_potion
[12:05:03] [Render thread/WARN]: Missing sound for event: minecraft:entity.wandering_trader.hurt
[12:05:03] [Render thread/WARN]: Missing sound for event: minecraft:entity.wandering_trader.no
[12:05:03] [Render thread/WARN]: Missing sound for event: minecraft:entity.wandering_trader.reappeared
[12:05:03] [Render thread/WARN]: Missing sound for event: minecraft:entity.wandering_trader.trade
[12:05:03] [Render thread/WARN]: Missing sound for event: minecraft:entity.wandering_trader.yes
[12:05:03] [Render thread/WARN]: Missing sound for event: minecraft:entity.warden.agitated
[12:05:03] [Render thread/WARN]: Missing sound for event: minecraft:entity.warden.ambient
[12:05:03] [Render thread/WARN]: Missing sound for event: minecraft:entity.warden.angry
[12:05:03] [Render thread/WARN]: Missing sound for event: minecraft:entity.warden.attack_impact
[12:05:03] [Render thread/WARN]: Missing sound for event: minecraft:entity.warden.death
[12:05:03] [Render thread/WARN]: Missing sound for event: minecraft:entity.warden.dig
[12:05:03] [Render thread/WARN]: Missing sound for event: minecraft:entity.warden.emerge
[12:05:03] [Render thread/WARN]: Missing sound for event: minecraft:entity.warden.heartbeat
[12:05:03] [Render thread/WARN]: Missing sound for event: minecraft:entity.warden.hurt
[12:05:03] [Render thread/WARN]: Missing sound for event: minecraft:entity.warden.listening
[12:05:03] [Render thread/WARN]: Missing sound for event: minecraft:entity.warden.listening_angry
[12:05:03] [Render thread/WARN]: Missing sound for event: minecraft:entity.warden.nearby_close
[12:05:03] [Render thread/WARN]: Missing sound for event: minecraft:entity.warden.nearby_closer
[12:05:03] [Render thread/WARN]: Missing sound for event: minecraft:entity.warden.nearby_closest
[12:05:03] [Render thread/WARN]: Missing sound for event: minecraft:entity.warden.roar
[12:05:03] [Render thread/WARN]: Missing sound for event: minecraft:entity.warden.sniff
[12:05:03] [Render thread/WARN]: Missing sound for event: minecraft:entity.warden.sonic_boom
[12:05:03] [Render thread/WARN]: Missing sound for event: minecraft:entity.warden.sonic_charge
[12:05:03] [Render thread/WARN]: Missing sound for event: minecraft:entity.warden.step
[12:05:03] [Render thread/WARN]: Missing sound for event: minecraft:entity.warden.tendril_clicks
[12:05:03] [Render thread/WARN]: Missing sound for event: minecraft:block.hanging_sign.waxed_interact_fail
[12:05:03] [Render thread/WARN]: Missing sound for event: minecraft:block.sign.waxed_interact_fail
[12:05:03] [Render thread/WARN]: Missing sound for event: minecraft:block.water.ambient
[12:05:03] [Render thread/WARN]: Missing sound for event: minecraft:weather.rain
[12:05:03] [Render thread/WARN]: Missing sound for event: minecraft:weather.rain.above
[12:05:03] [Render thread/WARN]: Missing sound for event: minecraft:block.wet_grass.break
[12:05:03] [Render thread/WARN]: Missing sound for event: minecraft:block.wet_grass.fall
[12:05:03] [Render thread/WARN]: Missing sound for event: minecraft:block.wet_grass.hit
[12:05:03] [Render thread/WARN]: Missing sound for event: minecraft:block.wet_grass.place
[12:05:03] [Render thread/WARN]: Missing sound for event: minecraft:block.wet_grass.step
[12:05:03] [Render thread/WARN]: Missing sound for event: minecraft:block.wet_sponge.break
[12:05:03] [Render thread/WARN]: Missing sound for event: minecraft:block.wet_sponge.dries
[12:05:03] [Render thread/WARN]: Missing sound for event: minecraft:block.wet_sponge.fall
[12:05:03] [Render thread/WARN]: Missing sound for event: minecraft:block.wet_sponge.hit
[12:05:03] [Render thread/WARN]: Missing sound for event: minecraft:block.wet_sponge.place
[12:05:03] [Render thread/WARN]: Missing sound for event: minecraft:block.wet_sponge.step
[12:05:03] [Render thread/WARN]: Missing sound for event: minecraft:entity.wind_charge.wind_burst
[12:05:03] [Render thread/WARN]: Missing sound for event: minecraft:entity.wind_charge.throw
[12:05:03] [Render thread/WARN]: Missing sound for event: minecraft:entity.witch.ambient
[12:05:03] [Render thread/WARN]: Missing sound for event: minecraft:entity.witch.celebrate
[12:05:03] [Render thread/WARN]: Missing sound for event: minecraft:entity.witch.death
[12:05:03] [Render thread/WARN]: Missing sound for event: minecraft:entity.witch.drink
[12:05:03] [Render thread/WARN]: Missing sound for event: minecraft:entity.witch.hurt
[12:05:03] [Render thread/WARN]: Missing sound for event: minecraft:entity.witch.throw
[12:05:03] [Render thread/WARN]: Missing sound for event: minecraft:entity.wither.ambient
[12:05:03] [Render thread/WARN]: Missing sound for event: minecraft:entity.wither.break_block
[12:05:03] [Render thread/WARN]: Missing sound for event: minecraft:entity.wither.death
[12:05:03] [Render thread/WARN]: Missing sound for event: minecraft:entity.wither.hurt
[12:05:03] [Render thread/WARN]: Missing sound for event: minecraft:entity.wither.shoot
[12:05:03] [Render thread/WARN]: Missing sound for event: minecraft:entity.wither_skeleton.ambient
[12:05:03] [Render thread/WARN]: Missing sound for event: minecraft:entity.wither_skeleton.death
[12:05:03] [Render thread/WARN]: Missing sound for event: minecraft:entity.wither_skeleton.hurt
[12:05:03] [Render thread/WARN]: Missing sound for event: minecraft:entity.wither_skeleton.step
[12:05:03] [Render thread/WARN]: Missing sound for event: minecraft:entity.wither.spawn
[12:05:03] [Render thread/WARN]: Missing sound for event: minecraft:item.wolf_armor.break
[12:05:03] [Render thread/WARN]: Missing sound for event: minecraft:item.wolf_armor.crack
[12:05:03] [Render thread/WARN]: Missing sound for event: minecraft:item.wolf_armor.damage
[12:05:03] [Render thread/WARN]: Missing sound for event: minecraft:item.wolf_armor.repair
[12:05:03] [Render thread/WARN]: Missing sound for event: minecraft:entity.wolf.ambient
[12:05:03] [Render thread/WARN]: Missing sound for event: minecraft:entity.wolf.death
[12:05:03] [Render thread/WARN]: Missing sound for event: minecraft:entity.wolf.growl
[12:05:03] [Render thread/WARN]: Missing sound for event: minecraft:entity.wolf.howl
[12:05:03] [Render thread/WARN]: Missing sound for event: minecraft:entity.wolf.hurt
[12:05:03] [Render thread/WARN]: Missing sound for event: minecraft:entity.wolf.pant
[12:05:03] [Render thread/WARN]: Missing sound for event: minecraft:entity.wolf.shake
[12:05:03] [Render thread/WARN]: Missing sound for event: minecraft:entity.wolf.step
[12:05:03] [Render thread/WARN]: Missing sound for event: minecraft:entity.wolf.whine
[12:05:03] [Render thread/WARN]: Missing sound for event: minecraft:block.wooden_door.close
[12:05:03] [Render thread/WARN]: Missing sound for event: minecraft:block.wooden_door.open
[12:05:03] [Render thread/WARN]: Missing sound for event: minecraft:block.wooden_trapdoor.close
[12:05:03] [Render thread/WARN]: Missing sound for event: minecraft:block.wooden_trapdoor.open
[12:05:03] [Render thread/WARN]: Missing sound for event: minecraft:block.wooden_button.click_off
[12:05:03] [Render thread/WARN]: Missing sound for event: minecraft:block.wooden_button.click_on
[12:05:03] [Render thread/WARN]: Missing sound for event: minecraft:block.wooden_pressure_plate.click_off
[12:05:03] [Render thread/WARN]: Missing sound for event: minecraft:block.wooden_pressure_plate.click_on
[12:05:03] [Render thread/WARN]: Missing sound for event: minecraft:block.wood.break
[12:05:03] [Render thread/WARN]: Missing sound for event: minecraft:block.wood.fall
[12:05:03] [Render thread/WARN]: Missing sound for event: minecraft:block.wood.hit
[12:05:03] [Render thread/WARN]: Missing sound for event: minecraft:block.wood.place
[12:05:03] [Render thread/WARN]: Missing sound for event: minecraft:block.wood.step
[12:05:03] [Render thread/WARN]: Missing sound for event: minecraft:block.wool.break
[12:05:03] [Render thread/WARN]: Missing sound for event: minecraft:block.wool.fall
[12:05:03] [Render thread/WARN]: Missing sound for event: minecraft:block.wool.hit
[12:05:03] [Render thread/WARN]: Missing sound for event: minecraft:block.wool.place
[12:05:03] [Render thread/WARN]: Missing sound for event: minecraft:block.wool.step
[12:05:03] [Render thread/WARN]: Missing sound for event: minecraft:entity.zoglin.ambient
[12:05:03] [Render thread/WARN]: Missing sound for event: minecraft:entity.zoglin.angry
[12:05:03] [Render thread/WARN]: Missing sound for event: minecraft:entity.zoglin.attack
[12:05:03] [Render thread/WARN]: Missing sound for event: minecraft:entity.zoglin.death
[12:05:03] [Render thread/WARN]: Missing sound for event: minecraft:entity.zoglin.hurt
[12:05:03] [Render thread/WARN]: Missing sound for event: minecraft:entity.zoglin.step
[12:05:03] [Render thread/WARN]: Missing sound for event: minecraft:entity.zombie.ambient
[12:05:03] [Render thread/WARN]: Missing sound for event: minecraft:entity.zombie.attack_wooden_door
[12:05:03] [Render thread/WARN]: Missing sound for event: minecraft:entity.zombie.attack_iron_door
[12:05:03] [Render thread/WARN]: Missing sound for event: minecraft:entity.zombie.break_wooden_door
[12:05:03] [Render thread/WARN]: Missing sound for event: minecraft:entity.zombie.converted_to_drowned
[12:05:03] [Render thread/WARN]: Missing sound for event: minecraft:entity.zombie.death
[12:05:03] [Render thread/WARN]: Missing sound for event: minecraft:entity.zombie.destroy_egg
[12:05:03] [Render thread/WARN]: Missing sound for event: minecraft:entity.zombie_horse.ambient
[12:05:03] [Render thread/WARN]: Missing sound for event: minecraft:entity.zombie_horse.death
[12:05:03] [Render thread/WARN]: Missing sound for event: minecraft:entity.zombie_horse.hurt
[12:05:03] [Render thread/WARN]: Missing sound for event: minecraft:entity.zombie.hurt
[12:05:03] [Render thread/WARN]: Missing sound for event: minecraft:entity.zombie.infect
[12:05:03] [Render thread/WARN]: Missing sound for event: minecraft:entity.zombified_piglin.ambient
[12:05:03] [Render thread/WARN]: Missing sound for event: minecraft:entity.zombified_piglin.angry
[12:05:03] [Render thread/WARN]: Missing sound for event: minecraft:entity.zombified_piglin.death
[12:05:03] [Render thread/WARN]: Missing sound for event: minecraft:entity.zombified_piglin.hurt
[12:05:03] [Render thread/WARN]: Missing sound for event: minecraft:entity.zombie.step
[12:05:03] [Render thread/WARN]: Missing sound for event: minecraft:entity.zombie_villager.ambient
[12:05:03] [Render thread/WARN]: Missing sound for event: minecraft:entity.zombie_villager.converted
[12:05:03] [Render thread/WARN]: Missing sound for event: minecraft:entity.zombie_villager.cure
[12:05:03] [Render thread/WARN]: Missing sound for event: minecraft:entity.zombie_villager.death
[12:05:03] [Render thread/WARN]: Missing sound for event: minecraft:entity.zombie_villager.hurt
[12:05:03] [Render thread/WARN]: Missing sound for event: minecraft:entity.zombie_villager.step
[12:05:03] [Render thread/WARN]: Missing sound for event: minecraft:event.mob_effect.bad_omen
[12:05:03] [Render thread/WARN]: Missing sound for event: minecraft:event.mob_effect.trial_omen
[12:05:03] [Render thread/WARN]: Missing sound for event: minecraft:event.mob_effect.raid_omen
[12:05:04] [Render thread/INFO]: OpenAL initialized on device OpenAL Soft on スピーカー (Senary Audio)
[12:05:04] [Render thread/INFO]: Sound engine started
[12:05:04] [Render thread/INFO]: Created: 1024x512x4 minecraft:textures/atlas/blocks.png-atlas
[12:05:04] [Render thread/INFO]: Created: 256x256x4 minecraft:textures/atlas/signs.png-atlas
[12:05:04] [Render thread/INFO]: Created: 512x512x4 minecraft:textures/atlas/banner_patterns.png-atlas
[12:05:04] [Render thread/INFO]: Created: 512x512x4 minecraft:textures/atlas/shield_patterns.png-atlas
[12:05:04] [Render thread/INFO]: Created: 1024x1024x4 minecraft:textures/atlas/armor_trims.png-atlas
[12:05:04] [Render thread/INFO]: Created: 128x64x4 minecraft:textures/atlas/decorated_pot.png-atlas
[12:05:04] [Render thread/INFO]: Created: 256x256x4 minecraft:textures/atlas/chest.png-atlas
[12:05:04] [Render thread/INFO]: Created: 512x256x4 minecraft:textures/atlas/beds.png-atlas
[12:05:04] [Render thread/INFO]: Created: 512x256x4 minecraft:textures/atlas/shulker_boxes.png-atlas
[12:05:05] [Render thread/INFO]: Created: 64x64x0 minecraft:textures/atlas/map_decorations.png-atlas
[12:05:07] [Render thread/INFO]: Created: 512x256x0 minecraft:textures/atlas/particles.png-atlas
[12:05:07] [Render thread/INFO]: Created: 512x256x0 minecraft:textures/atlas/paintings.png-atlas
[12:05:07] [Render thread/INFO]: Created: 256x128x0 minecraft:textures/atlas/mob_effects.png-atlas
[12:05:07] [Render thread/INFO]: Created: 1024x512x0 minecraft:textures/atlas/gui.png-atlas
[12:05:32] [Render thread/INFO]: Loaded 1337 recipes
[12:05:33] [Render thread/INFO]: Loaded 1448 advancements
[12:05:33] [Server thread/INFO]: Starting integrated minecraft server version 1.21.3
[12:05:33] [Server thread/INFO]: Generating keypair
[12:05:35] [Server thread/INFO]: Preparing start region for dimension minecraft:overworld
[12:05:36] [Render thread/INFO]: Preparing spawn area: 0%
[12:05:36] [Render thread/INFO]: Preparing spawn area: 0%
[12:05:36] [Render thread/INFO]: Preparing spawn area: 30%
[12:05:37] [Render thread/INFO]: Time elapsed: 1356 ms
[12:05:37] [Server thread/INFO]: Changing view distance to 12, from 10
[12:05:37] [Server thread/INFO]: Changing simulation distance to 12, from 0
[12:05:41] [Server thread/INFO]: Player819[local:E:e103a1bd] logged in with entity id 24 at (-30.52838648161183, 122.0, -162.1129345122993)
[12:05:42] [Server thread/INFO]: Player819 joined the game
[12:05:43] [Render thread/INFO]: Loaded 2 advancements
[12:06:06] [Server thread/INFO]: [Player819: Set the time to 1000]
[12:06:06] [Render thread/INFO]: [System] [CHAT] Set the time to 1000
[12:06:07] [Render thread/INFO]: [System] [CHAT] Unknown or incomplete command, see below for error
[12:06:07] [Render thread/INFO]: [System] [CHAT] weather<--[HERE]
[12:06:10] [Server thread/INFO]: [Player819: Set the weather to clear]
[12:06:10] [Render thread/INFO]: [System] [CHAT] Set the weather to clear
[12:06:22] [Server thread/INFO]: Saving and pausing game...
[12:06:22] [Server thread/INFO]: Saving chunks for level 'ServerLevel[New World]'/minecraft:overworld
[12:06:22] [Server thread/INFO]: Saving chunks for level 'ServerLevel[New World]'/minecraft:the_end
[12:06:22] [Server thread/INFO]: Saving chunks for level 'ServerLevel[New World]'/minecraft:the_nether
[12:06:43] [Render thread/INFO]: Stopping!
[12:06:43] [Server thread/INFO]: Player819 lost connection: Disconnected
[12:06:43] [Server thread/INFO]: Player819 left the game
[12:06:43] [Server thread/INFO]: Stopping singleplayer server as player logged out
[12:06:43] [Server thread/INFO]: Stopping server
[12:06:43] [Server thread/INFO]: Saving players
[12:06:43] [Server thread/INFO]: Saving worlds
[12:06:43] [Server thread/INFO]: Saving chunks for level 'ServerLevel[New World]'/minecraft:overworld
[12:06:43] [Server thread/INFO]: Saving chunks for level 'ServerLevel[New World]'/minecraft:the_end
[12:06:43] [Server thread/INFO]: Saving chunks for level 'ServerLevel[New World]'/minecraft:the_nether
[12:06:43] [Server thread/INFO]: ThreadedAnvilChunkStorage (New World): All chunks are saved
[12:06:43] [Server thread/INFO]: ThreadedAnvilChunkStorage (DIM1): All chunks are saved
[12:06:43] [Server thread/INFO]: ThreadedAnvilChunkStorage (DIM-1): All chunks are saved
[12:06:43] [Server thread/INFO]: ThreadedAnvilChunkStorage: All dimensions are saved
